category,product_type,japanese,english,publisher,year
adnd-adventure-game-book,gamebook,パックス砦の囚人,Prisoners of Pax Tharkas,Fujimi Shobo,
adnd-adventure-game-book,gamebook,パックス砦の囚人,Prisoners of Pax Tharkas,Fujimi Shobo,
adnd-adventure-game-book,gamebook,ゴーストタワーの魂の石,The Ghost Tower,Fujimi Shobo,
adnd-adventure-game-book,gamebook,ゴーストタワーの魂の石,The Ghost Tower,Fujimi Shobo,
adnd-adventure-game-book,gamebook,クォーラス城からの脱出,Escape from Castle Quarras,Fujimi Shobo,
adnd-adventure-game-book,gamebook,ウェイレスの大魔術師,The Soulforge,Fujimi Shobo,
adnd-adventure-game-book,gamebook,忍者への道,Test of the Ninja,Fujimi Shobo,
adnd-adventure-game-book,gamebook,暗黒城の領主,Master of Ravenloft,Fujimi Shobo,
adnd-adventure-game-book,gamebook,魔法の王国1 魔力の杖,Sceptre of Power,Fujimi Shobo,
adnd-adventure-game-book,gamebook,ババ・ヤーガの悪夢の王国,Nightmare Realm of Baba Yaga,Fujimi Shobo,
adnd-adventure-game-book,gamebook,魔法の王国2 魔術師の宝冠,The Sorcerer's Crown,Fujimi Shobo,
adnd-adventure-game-book,gamebook,ドラゴンランス・アドベンチャー 奪われた竜の,Lords of Doom,Fujimi Shobo,
adnd-adventure-game-book,gamebook,魔法の王国3 魔域の対決,Clash of the Sorcerers,Fujimi Shobo,
advanced-fighting-fantasy,rulebook,アドバンスト・ファイティング・ファンタジー〈上巻〉,Advanced Fighting Fantasy Vol. 1,Shakaishisosha,
advanced-fighting-fantasy,rulebook,アドバンスト・ファイティング・ファンタジー〈下巻〉,Advanced Fighting Fantasy Vol. 2,Shakaishisosha,
advanced-fighting-fantasy,supplement,ファイティングファンタジー モンスター事典,Out of the Pit: Fighting Fantasy Monster Dictionary,Shakaishisosha,
advanced-fighting-fantasy,scenario,謎かけ盗賊 ファイティング・ファンタジーRPGシナリオ,The Riddling Reaver: Fighting Fantasy RPG Scenario,Shakaishisosha,
advanced-fighting-fantasy,supplement,タイタン ファイティング・ファンタジーの世界,Titan: The World of Fighting Fantasy,Shakaishisosha,
advanced-fighting-fantasy,replay,タイタンふたたび—アドバンスト・ファイティング・ファンタジー・RPGリプレイ集,Titan Returns: Advanced Fighting Fantasy RPG Replay Collection,Shakaishisosha,
advanced-fighting-fantasy,scenario,タンタロンの立方体—アドバンスト・ファイティング・ファンタジー・シナリオ集,Tantalon Cube: Advanced Fighting Fantasy Scenario Collection,Shakaishisosha,
adventure-hero-books,gamebook,ドルアーガの塔 外伝,Druaga Tower Side Story,Keibunsha,1985
adventure-hero-books,gamebook,チャレンジャー秘宝よ永遠に! ,Challenger Treasure Forever!,Keibunsha,1986
adventure-hero-books,gamebook,機動戦士ガンダム 最期の赤い彗星,Mobile Suit Gundam: The Last Red Comet,Keibunsha,1986
adventure-hero-books,gamebook,影の伝説 魔神バラコンダの謎,The Legend of Shadow: The Mystery of the Demon Baraconda,Keibunsha,1986
adventure-hero-books,gamebook,スーパーマリオブラザーズ外伝,Super Mario Bros Side Story,Keibunsha,1986
adventure-hero-books,gamebook,機動戦士ガンダム灼熱の追撃,Mobile Suit Gundam: Burning Pursuit,Keibunsha,1986
adventure-hero-books,gamebook, ソロモンの鍵外伝,Solomon's Key Side Story,Keibunsha,1986
adventure-hero-books,gamebook,スーパーマリオブラザーズ外伝 2,Super Mario Bros Side Story 2,Keibunsha,1986
adventure-hero-books,gamebook,ガルフォース忘却の惑星,Gall Force: Oblivion Planet,Keibunsha,1986
adventure-hero-books,gamebook,リンクの冒険 ハイラル英雄伝説,Link Adventure: Legend of Hyrule Heroes,Keibunsha,1987
adventure-hero-books,gamebook,スーパースターフォース,Super Star Force,Keibunsha,1987
adventure-hero-books,gamebook,ディーヴァ女戦士ミリスの挑戦,Divas Warrior: Miri's Challenge,Keibunsha,1987
adventure-hero-books,gamebook, 新ゼルダの伝説,The Legend of New Zelda,Keibunsha,1987
adventure-hero-books,gamebook,暗黒の妖魔惑星,Dark Demon Planet,Keibunsha,1987
adventure-hero-books,gamebook,レリクス闇からの侵略者,Relics Invaders from the Dark,Keibunsha,1987
adventure-hero-books,gamebook,機動戦士Zガンダム ジェリド出撃命令,Mobile Suit Z Gundam: Jerid Order,Keibunsha,1987
adventure-hero-books,gamebook,魔鐘ルーバス復活の陰謀,The Conspiracy of Resurrection,Keibunsha,1987
adventure-hero-books,gamebook,宇宙刑事シャイダー―挑戦者時空を越えて,Space Sheriff Scheider-Beyond Challenger Space-Time,Keibunsha,1987
adventure-hero-books,gamebook,メルヘンヴェール妖怪バーニバオの謎,Fairy Tale Veil Ghost Bernibao Mystery,Keibunsha,1987
adventure-hero-books,gamebook,アルゴスの戦士外伝聖戦士誕生,Argos Warrior Side Story: Holy Warrior is Born,Keibunsha,1987
adventure-hero-books,gamebook,禁断の黙示録クリスタルトライアングル,Forbidden Apocalypse Crystal Triangle,Keibunsha,1987
adventure-hero-books,gamebook,ディープダンジョン ルウの遺産,Legacy of Deep Dungeon Lou,Keibunsha,1987
adventure-hero-books,gamebook,アテナ幻想界の大妖魔,Athena: The Great Demon of Fantasy,Keibunsha,1987
adventure-hero-books,gamebook,愛戦士ニコル―宇宙の絆,Love Warrior Nicole: The Bond of the Universe,Keibunsha,1987
adventure-hero-books,gamebook,装甲騎兵ボトムズ復讐の惑星シド,Armored Trooper Votoms: Revenge Planet Sid,Keibunsha,1987
adventure-hero-books,gamebook,クレオパトラの魔宝 古代王朝の王冠,Cleopatra's Treasure: Ancient Dynasty Crown,Keibunsha,1987
adventure-hero-books,gamebook,エアウルフ東京極秘指令,Airwolf: Tokyo Top Secret Order,Keibunsha,1987
adventure-hero-books,gamebook,未来神話ジャーヴァス闇の反逆者,Future Myth Jarvas: Rebel of Darkness,Keibunsha,1987
adventure-hero-books,gamebook,ナイトライダー無人兵器ゴリアテの挑戦,Knight Rider: Unmanned Weapon Goliath's Challenge,Keibunsha,1987
adventure-hero-books,gamebook,サラマンダ ラティス救出作戦,Salamanda: Lattice Rescue Operation,Keibunsha,1987
adventure-hero-books,gamebook,ウルティマ ブリタニア王国の危機,Ultima Crisis in Britannia,Keibunsha,1987
adventure-hero-books,gamebook,聖剣サイコカリバー外伝,Holy Sword Psycho Caliber Side Story,Keibunsha,1987
adventure-hero-books,gamebook,ミネルバトンサーガ暗黒神ゾーンの復讐,Minervaton Saga Dark God Zone Revenge,Keibunsha,1987
adventure-hero-books,gamebook,カリーンの剣 外伝―魔道士伝説,Karen's Sword Side Story: Legend of the Mage,Keibunsha,1987
adventure-hero-books,gamebook,耐熱装甲レガシアムG計画撃滅作戦,Heat-Resistant Armor Legassium G Plan Destruction Strategy,Keibunsha,1987
adventure-hero-books,gamebook,ガルフォース,Gall Force 2: Beat Chaos Secret Base,Keibunsha,1987
adventure-hero-books,gamebook,怪人ラプリンスの挑戦 悪霊の館,Monster le Prince's Challenge: Demon House,Keibunsha,1987
adventure-hero-books,gamebook,仮面ライダーBLACK魔軍のバトル,Kamen Rider Black Demon Battle,Keibunsha,1988
adventure-hero-books,gamebook,ファイナルファンタジー クリスタル継承伝説,Final Fantasy Crystal Succession Legend,Keibunsha,1988
adventure-hero-books,gamebook,怪人ラプリンスの挑戦2獄門島の決闘,Monster le Prince's Challenge 2: Duel of Gokumon Island,Keibunsha,1988
adventure-hero-books,gamebook,聖戦士ダンバイン妖魔城塞ザーウェル,Holy Warrior Dunbine Youma Citadel,Keibunsha,1988
adventure-hero-books,gamebook,機動戦士ガンダム シャアの帰還,Mobile Suit Gundam: Char's Return,Keibunsha,1988
adventure-hero-books,gamebook,探偵神宮寺三郎 原宿・表参道殺人事件,Detective Saburo Jinguji Harajuku / Omotesando Murder Case,Keibunsha,1988
adventure-hero-books,gamebook,邪聖剣ネクロマンサー イシュメリア魔空戦記,Evil Holy Sword Necromancer Ishmería,Keibunsha,1988
adventure-hero-books,gamebook,アシュギーネ 爬人の邪都,Ashgine: Reptile's Evil City,Keibunsha,1988
adventure-hero-books,gamebook,ディープダンジョン3魔界都市からの脱出,Escape from Deep Dungeon 3: Makai City,Keibunsha,1988
call-of-cthulhu,,ウェンディゴへの挑戦,Alone Against the Wendigo,Hobby Japan,
call-of-cthulhu,,アーカムのすべて,Arkham Unveiled,Hobby Japan,
call-of-cthulhu,,クトゥルフの呼び声,Call of Cthulhu,Hobby Japan,
call-of-cthulhu,,クトゥルフの呼び声,Call of Cthulhu,Hobby Japan,
call-of-cthulhu,,ガス灯に浮かぶクトゥルフ,Cthulhu by Gaslight,Hobby Japan,
call-of-cthulhu,,クトゥルフ・コンパニオン,Cthulhu Companion,Hobby Japan,
call-of-cthulhu,,クトゥルフ・ハンドブック,Cthulhu Handbook,Hobby Japan,
call-of-cthulhu,,クトゥルフ モンスターガイド,Cthulhu Monsters,Hobby Japan,
call-of-cthulhu,,クトゥルフ モンスターガイドⅡ,Cthulhu Monsters II,Hobby Japan,
call-of-cthulhu,,クトゥルフ・ナウ,Cthulhu Now,Hobby Japan,
call-of-cthulhu,,ユゴスからの侵略,The Fungi from Yuggoth,Hobby Japan,
call-of-cthulhu,,ニャルラトテップの仮面,Masks of Nyarlathotep,Hobby Japan,
call-of-cthulhu,,ヨグ＝ソトースの影,Shadows of Yog-sothoth,Hobby Japan,
call-of-cthulhu,,療養所の悪魔,The Asylum & other tales,Hobby Japan,
call-of-cthulhu,,黄昏の天使 夜叉姫伝説：第一部,The Twilight Angel: The Stories of the Demon Princess: First Part,Hobby Japan,
comp-rpg,,Vol. 1,,Kadokawa Shoten,
comp-rpg,,Vol. 2,,Kadokawa Shoten,
comp-rpg,,Vol. 3,,Kadokawa Shoten,
comp-rpg,,Vol. 4,,Kadokawa Shoten,
comp-rpg,,Vol. 5,,Kadokawa Shoten,
comp-rpg,,Vol. 6,,Kadokawa Shoten,
comp-rpg,,Vol. 7,,Kadokawa Shoten,
comp-rpg,,Vol. 8,,Kadokawa Shoten,
comp-rpg,,Vol. 9,,Kadokawa Shoten,
comp-rpg,,Vol. 10,,Kadokawa Shoten,
comp-rpg,,Vol. 11,,Kadokawa Shoten,
comp-rpg,,1994/8,,Kadokawa Shoten,
comp-rpg,,1994/10,,Kadokawa Shoten,
comp-rpg,,1994/12,,Kadokawa Shoten,
comp-rpg,,1995/2,,Kadokawa Shoten,
comp-rpg,,1995/4,,Kadokawa Shoten,
comp-rpg,,1995/6,,Kadokawa Shoten,
comp-rpg,,1995/8,,Kadokawa Shoten,
comp-rpg,,1995/10,,Kadokawa Shoten,
comp-rpg,,1995/12,,Kadokawa Shoten,
comp-rpg,,1996/2,,Kadokawa Shoten,
comp-rpg,,1996/4,,Kadokawa Shoten,
comp-rpg,,1996/6,,Kadokawa Shoten,
comp-rpg,,1996/8,,Kadokawa Shoten,
comp-rpg,,1996/10,,Kadokawa Shoten,
comptiq,periodical,1983,,Kadokawa Shoten,
comptiq,periodical,1984/05,,Kadokawa Shoten,
comptiq,periodical,1984/07,,Kadokawa Shoten,
comptiq,periodical,1984/09,,Kadokawa Shoten,
comptiq,periodical,1984/11,,Kadokawa Shoten,
comptiq,periodical,1985/01,,Kadokawa Shoten,
comptiq,periodical,1985/03,,Kadokawa Shoten,
comptiq,periodical,1985/05,,Kadokawa Shoten,
comptiq,periodical,1985/07,,Kadokawa Shoten,
comptiq,periodical,1985/09,,Kadokawa Shoten,
comptiq,periodical,1985/11,,Kadokawa Shoten,
comptiq,periodical,1986/01,,Kadokawa Shoten,
comptiq,periodical,1986/02,,Kadokawa Shoten,
comptiq,periodical,1986/03,,Kadokawa Shoten,
comptiq,periodical,1986/04,,Kadokawa Shoten,
comptiq,periodical,1986/05,,Kadokawa Shoten,
comptiq,periodical,1986/06,,Kadokawa Shoten,
comptiq,periodical,1986/07,,Kadokawa Shoten,
comptiq,periodical,1986/08,,Kadokawa Shoten,
comptiq,periodical,1986/09,,Kadokawa Shoten,
comptiq,periodical,1986/10,,Kadokawa Shoten,
comptiq,periodical,1986/11,,Kadokawa Shoten,
comptiq,periodical,1986/12,,Kadokawa Shoten,
comptiq,periodical,1987/01,,Kadokawa Shoten,
comptiq,periodical,1987/02,,Kadokawa Shoten,
comptiq,periodical,1987/03,,Kadokawa Shoten,
comptiq,periodical,1987/04,,Kadokawa Shoten,
comptiq,periodical,1987/05,,Kadokawa Shoten,
comptiq,periodical,1987/06,,Kadokawa Shoten,
comptiq,periodical,1987/07,,Kadokawa Shoten,
comptiq,periodical,1987/08,,Kadokawa Shoten,
comptiq,periodical,1987/09,,Kadokawa Shoten,
comptiq,periodical,1987/10,,Kadokawa Shoten,
comptiq,periodical,1987/11,,Kadokawa Shoten,
comptiq,periodical,1987/12,,Kadokawa Shoten,
comptiq,periodical,1988/01,,Kadokawa Shoten,
comptiq,periodical,1988/02,,Kadokawa Shoten,
comptiq,periodical,1988/03,,Kadokawa Shoten,
comptiq,periodical,1988/04,,Kadokawa Shoten,
comptiq,periodical,1988/05,,Kadokawa Shoten,
comptiq,periodical,1988/06,,Kadokawa Shoten,
comptiq,periodical,1988/07,,Kadokawa Shoten,
comptiq,periodical,1988/08,,Kadokawa Shoten,
comptiq,periodical,1988/09,,Kadokawa Shoten,
comptiq,periodical,1988/10,,Kadokawa Shoten,
comptiq,periodical,1988/11,,Kadokawa Shoten,
comptiq,periodical,1988/12,,Kadokawa Shoten,
comptiq,periodical,1989/01,,Kadokawa Shoten,
comptiq,periodical,1989/02,,Kadokawa Shoten,
comptiq,periodical,1989/03,,Kadokawa Shoten,
comptiq,periodical,1989/04,,Kadokawa Shoten,
comptiq,periodical,1989/05,,Kadokawa Shoten,
comptiq,periodical,1989/06,,Kadokawa Shoten,
comptiq,periodical,1989/07,,Kadokawa Shoten,
comptiq,periodical,1989/08,,Kadokawa Shoten,
comptiq,periodical,1989/09,,Kadokawa Shoten,
comptiq,periodical,1989/10,,Kadokawa Shoten,
comptiq,periodical,1989/11,,Kadokawa Shoten,
comptiq,periodical,1989/12,,Kadokawa Shoten,
comptiq,periodical,1990/01,,Kadokawa Shoten,
comptiq,periodical,1990/02,,Kadokawa Shoten,
comptiq,periodical,1990/03,,Kadokawa Shoten,
comptiq,periodical,1990/04,,Kadokawa Shoten,
comptiq,periodical,1990/05,,Kadokawa Shoten,
comptiq,periodical,1990/06,,Kadokawa Shoten,
comptiq,periodical,1990/07,,Kadokawa Shoten,
comptiq,periodical,1990/08,,Kadokawa Shoten,
comptiq,periodical,1990/09,,Kadokawa Shoten,
comptiq,periodical,1990/10,,Kadokawa Shoten,
comptiq,periodical,1990/11,,Kadokawa Shoten,
comptiq,periodical,1990/12,,Kadokawa Shoten,
comptiq,periodical,1991/01,,Kadokawa Shoten,
comptiq,periodical,1991/02,,Kadokawa Shoten,
comptiq,periodical,1991/03,,Kadokawa Shoten,
comptiq,periodical,1991/04,,Kadokawa Shoten,
comptiq,periodical,1991/05,,Kadokawa Shoten,
comptiq,periodical,1991/06,,Kadokawa Shoten,
comptiq,periodical,1991/07,,Kadokawa Shoten,
comptiq,periodical,1991/08,,Kadokawa Shoten,
comptiq,periodical,1991/09,,Kadokawa Shoten,
comptiq,periodical,1991/10,,Kadokawa Shoten,
comptiq,periodical,1991/11,,Kadokawa Shoten,
comptiq,periodical,1991/12,,Kadokawa Shoten,
comptiq,periodical,1992/01,,Kadokawa Shoten,
comptiq,periodical,1992/02,,Kadokawa Shoten,
comptiq,periodical,1992/03,,Kadokawa Shoten,
comptiq,periodical,1992/04,,Kadokawa Shoten,
comptiq,periodical,1992/05,,Kadokawa Shoten,
comptiq,periodical,1992/06,,Kadokawa Shoten,
comptiq,periodical,1992/07,,Kadokawa Shoten,
comptiq,periodical,1992/08,,Kadokawa Shoten,
comptiq,periodical,1992/09,,Kadokawa Shoten,
comptiq,periodical,1992/10,,Kadokawa Shoten,
comptiq,periodical,1992/11,,Kadokawa Shoten,
comptiq,periodical,1992/12,,Kadokawa Shoten,
crystania,,クリスタニアコンパニオン,Crystania Companion,Kadokawa Shoten,
crystania,,クリスタニアRPG ,Crystania RPG,Media Works,
crystania,,RPGリプレイ漂流伝説クリスタニア,RPG Replay The Drifting Legend Crystania,Media Works,
crystania,,RPGリプレイ蟻帝伝説クリスタニア,RPG Replay The Legend of Ant Empire Crystania,Media Works,
crystania,,RPGリプレイ 黄金伝説クリスタニア,RPG Replay Golden Legend Crystania,Media Works,
crystania,,RPGリプレイ封印伝説クリスタニア ,RPG Replay Sealed Legend Crystania,Media Works,
crystania,,RPGリプレイ暗黒伝説クリスタニア,RPG Replay Dark Legend Crystania,Media Works,
crystania,,RPGリプレイ傭兵伝説クリスタニア (上),RPG Replay Mercenary Legend Crystania Vol. 1,Media Works,
crystania,,RPGリプレイ 傭兵伝説クリスタニア(下),RPG Replay Mercenary Legend Crystania Vol. 2,Media Works,
crystania,,RPGリプレイ 秘境伝説クリスタニア,RPG Replay Unexplored Legend Crystania,Media Works,
dengeki-adventures,periodical,Vol. 1,Vol. 1,Media Works,
dengeki-adventures,periodical,Vol. 2,Vol. 2,Media Works,
dengeki-adventures,periodical,Vol. 3,Vol. 3,Media Works,
dengeki-adventures,periodical,Vol. 4,Vol. 4,Media Works,
dengeki-adventures,periodical,Vol. 5,Vol. 5,Media Works,
dengeki-adventures,periodical,Vol. 6,Vol. 6,Media Works,
dengeki-adventures,periodical,Vol. 7,Vol. 7,Media Works,
dengeki-adventures,periodical,Vol. 8,Vol. 8,Media Works,
dengeki-adventures,periodical,Vol. 9,Vol. 9,Media Works,
dengeki-adventures,periodical,Vol. 10,Vol. 10,Media Works,
dengeki-adventures,periodical,Vol. 11,Vol. 11,Media Works,
dengeki-adventures,periodical,Vol. 12,Vol. 12,Media Works,
dengeki-adventures,periodical,Vol. 13,Vol. 13,Media Works,
dengeki-adventures,periodical,Vol. 14,Vol. 14,Media Works,
dengeki-adventures,periodical,Vol. 15,Vol. 15,Media Works,
dengeki-adventures,periodical,Vol. 16,Vol. 16,Media Works,
dengeki-adventures,periodical,Vol. 17,Vol. 17,Media Works,
dengeki-adventures,periodical,Vol. 18,Vol. 18,Media Works,
dengeki-adventures,periodical,Vol. 19,Vol. 19,Media Works,
dengeki-adventures,periodical,Vol. 20,Vol. 20,Media Works,
dengeki-adventures,periodical,Vol. 21,Vol. 21,Media Works,
dengeki-adventures,periodical,Vol. 22,Vol. 22,Media Works,
dengeki-adventures,periodical,Vol. 23,Vol. 23,Media Works,
dengeki-adventures,periodical,Vol. 24,Vol. 24,Media Works,
dengeki-adventures,periodical,Vol. 25,Vol. 25,Media Works,
dengeki-adventures,periodical,Vol. 26,Vol. 26,Media Works,
dengeki-adventures,periodical,Vol. 27,Vol. 27,Media Works,
dnd-media-works,scenario,ナイツ・ダーク・テラー,Night's Dark Terror,Media Works,
dnd-media-works,scenario,キングズ・フェスティバル,King'sFestival,Media Works,
dnd-media-works,scenario,クイーンズ・ハーベスト,Queen's Harvest,Media Works,
dnd-media-works,rulebook, ダンジョンマスターズD&Dルールサイクロペディア②,Dungeon Master's D&D Rules Cyclopedia 2,Media Works,
dnd-media-works,supplement,ダンジョン アンド ズドラゴンズ マスタースクリーン,Dungeons & Dragons Master Screen,Media Works,
dnd-media-works,rulebook, モンスターズD&Dルールサイクロペディア③,Monsters D&D Rules Cyclopedia 3,Media Works,
dnd-media-works,rulebook,プレイヤーズD&Dルールサイクロペディア① ,Players' D&D Rules Cyclopedia 1,Media Works,
dnd-media-works,replay,ミスタラ黙示録 (1)―D&Dリプレイ,Mystara Apocalypse D&D Replay 1,Media Works,
dnd-media-works,replay,ミスタラ黙示録 (2)―D&Dリプレイ,Mystara Apocalypse D&D Replay 2,Media Works,
dnd-media-works,replay,ミスタラ黙示録 (3)―D&Dリプレイ,Mystara Apocalypse D&D Replay 3,Media Works,
dnd-media-works,replay,ミスタラ黙示録 (4)―D&Dリプレイ,Mystara Apocalypse D&D Replay 4,Media Works,
dnd-media-works,replay,ミスタラ黙示録 (5)―D&Dリプレイ,Mystara Apocalypse D&D Replay 5,Media Works,
dnd-media-works,replay,ダンジョンズ＆ドラゴンズ入門の書≪改訂版≫,Dungeons & Dragons Introductory Book <<Revised>>,Media Works,
dragon-fujimi,,1988/3,,Fujimi Shobo,
dragon-fujimi,,1988/4,,Fujimi Shobo,
dragon-fujimi,,1988/5,,Fujimi Shobo,
dragon-fujimi,,1988/6,,Fujimi Shobo,
dragon-fujimi,,1988/7,,Fujimi Shobo,
dragon-fujimi,,1988/8,,Fujimi Shobo,
dragon-fujimi,,1988/9,,Fujimi Shobo,
dragon-fujimi,,1988/10,,Fujimi Shobo,
dragon-fujimi,,1988/11,,Fujimi Shobo,
dragon-fujimi,,1988/12,,Fujimi Shobo,
dragon-fujimi,,1989/1,,Fujimi Shobo,
dragon-fujimi,,1989/2,,Fujimi Shobo,
dragon-fujimi,,1989/3,,Fujimi Shobo,
dragon-fujimi,,1989/4,,Fujimi Shobo,
dragon-fujimi,,1989/5,,Fujimi Shobo,
dragon-fujimi,,1989/6,,Fujimi Shobo,
dragon-fujimi,,1989/7,,Fujimi Shobo,
dragon-fujimi,,1989/8,,Fujimi Shobo,
dragon-fujimi,,1989/9,,Fujimi Shobo,
dragon-fujimi,,1989/10,,Fujimi Shobo,
dragon-fujimi,,1989/11,,Fujimi Shobo,
dragon-fujimi,,1989/12,,Fujimi Shobo,
dragon-fujimi,,1990/1,,Fujimi Shobo,
dragon-fujimi,,1990/2,,Fujimi Shobo,
dragon-fujimi,,1990/3,,Fujimi Shobo,
dragon-fujimi,,1990/4,,Fujimi Shobo,
dragon-fujimi,,1990/5,,Fujimi Shobo,
dragon-fujimi,,1990/6,,Fujimi Shobo,
dragon-fujimi,,1990/7,,Fujimi Shobo,
dragon-fujimi,,1990/8,,Fujimi Shobo,
dragon-fujimi,,1990/9,,Fujimi Shobo,
dragon-fujimi,,1990/10,,Fujimi Shobo,
dragon-fujimi,,1990/11,,Fujimi Shobo,
dragon-fujimi,,1990/12,,Fujimi Shobo,
dragon-fujimi,,1991/1,,Fujimi Shobo,
dragon-fujimi,,1991/2,,Fujimi Shobo,
dragon-fujimi,,1991/3,,Fujimi Shobo,
dragon-fujimi,,1991/4,,Fujimi Shobo,
dragon-fujimi,,1991/5,,Fujimi Shobo,
dragon-fujimi,,1991/6,,Fujimi Shobo,
dragon-fujimi,,1991/7,,Fujimi Shobo,
dragon-fujimi,,1991/8,,Fujimi Shobo,
dragon-fujimi,,1991/9,,Fujimi Shobo,
dragon-fujimi,,1991/10,,Fujimi Shobo,
dragon-fujimi,,1991/11,,Fujimi Shobo,
dragon-fujimi,,1991/12,,Fujimi Shobo,
dragon-fujimi,,1992/1,,Fujimi Shobo,
dragon-fujimi,,1992/2,,Fujimi Shobo,
dragon-fujimi,,1992/3,,Fujimi Shobo,
dragon-fujimi,,1992/4,,Fujimi Shobo,
dragon-fujimi,,1992/5,,Fujimi Shobo,
dragon-fujimi,,1992/6,,Fujimi Shobo,
dragon-fujimi,,1992/7,,Fujimi Shobo,
dragon-fujimi,,1992/8,,Fujimi Shobo,
dragon-fujimi,,1992/9,,Fujimi Shobo,
dragon-fujimi,,1992/10,,Fujimi Shobo,
dragon-fujimi,,1992/11,,Fujimi Shobo,
dragon-fujimi,,1992/12,,Fujimi Shobo,
dragon-fujimi,,1993/1,,Fujimi Shobo,
dragon-fujimi,,1993/2,,Fujimi Shobo,
dragon-fujimi,,1993/3,,Fujimi Shobo,
dragon-fujimi,,1993/4,,Fujimi Shobo,
dragon-fujimi,,1993/5,,Fujimi Shobo,
dragon-fujimi,,1993/6,,Fujimi Shobo,
dragon-fujimi,,1993/7,,Fujimi Shobo,
dragon-fujimi,,1993/8,,Fujimi Shobo,
dragon-fujimi,,1993/9,,Fujimi Shobo,
dragon-fujimi,,1993/10,,Fujimi Shobo,
dragon-fujimi,,1993/11,,Fujimi Shobo,
dragon-fujimi,,1993/12,,Fujimi Shobo,
dragon-fujimi,,1994/1,,Fujimi Shobo,
dragon-fujimi,,1994/2,,Fujimi Shobo,
dragon-fujimi,,1994/3,,Fujimi Shobo,
dragon-fujimi,,1994/4,,Fujimi Shobo,
dragon-fujimi,,1994/5,,Fujimi Shobo,
dragon-fujimi,,1994/6,,Fujimi Shobo,
dragon-fujimi,,1994/7,,Fujimi Shobo,
dragon-fujimi,,1994/8,,Fujimi Shobo,
dragon-fujimi,,1994/9,,Fujimi Shobo,
dragon-fujimi,,1994/10,,Fujimi Shobo,
dragon-fujimi,,1994/11,,Fujimi Shobo,
dragon-fujimi,,1994/12,,Fujimi Shobo,
dragon-fujimi,,1995/1,,Fujimi Shobo,
dragon-fujimi,,1995/2,,Fujimi Shobo,
dragon-fujimi,,1995/3,,Fujimi Shobo,
dragon-fujimi,,1995/4,,Fujimi Shobo,
dragon-fujimi,,1995/5,,Fujimi Shobo,
dragon-fujimi,,1995/6,,Fujimi Shobo,
dragon-fujimi,,1995/7,,Fujimi Shobo,
dragon-fujimi,,1995/8,,Fujimi Shobo,
dragon-fujimi,,1995/9,,Fujimi Shobo,
dragon-fujimi,,1995/10,,Fujimi Shobo,
dragon-fujimi,,1995/11,,Fujimi Shobo,
dragon-fujimi,,1995/12,,Fujimi Shobo,
dragon-fujimi,,1996/1,,Fujimi Shobo,
dragon-fujimi,,1996/2,,Fujimi Shobo,
dragon-fujimi,,1996/3,,Fujimi Shobo,
dragon-fujimi,,1996/4,,Fujimi Shobo,
dragon-fujimi,,1996/5,,Fujimi Shobo,
dragon-fujimi,,1996/6,,Fujimi Shobo,
dragon-fujimi,,1996/7,,Fujimi Shobo,
dragon-fujimi,,1996/8,,Fujimi Shobo,
dragon-fujimi,,1996/9,,Fujimi Shobo,
dragon-fujimi,,1996/10,,Fujimi Shobo,
dragon-fujimi,,1996/11,,Fujimi Shobo,
dragon-fujimi,,1996/12,,Fujimi Shobo,
dragon-fujimi,,1997/1,,Fujimi Shobo,
dragon-fujimi,,1997/2,,Fujimi Shobo,
dragon-fujimi,,1997/3,,Fujimi Shobo,
dragon-fujimi,,1997/4,,Fujimi Shobo,
dragon-fujimi,,1997/5,,Fujimi Shobo,
dragon-fujimi,,1997/6,,Fujimi Shobo,
dragon-fujimi,,1997/7,,Fujimi Shobo,
dragon-fujimi,,1997/8,,Fujimi Shobo,
dragon-fujimi,,1997/9,,Fujimi Shobo,
dragon-fujimi,,1997/10,,Fujimi Shobo,
dragon-fujimi,,1997/11,,Fujimi Shobo,
dragon-fujimi,,1997/12,,Fujimi Shobo,
dragon-shinwa,periodical,ドラゴン  マガジン  Vol. 1,Dragon Magazine Vol. 1,Shinwa,
dragon-shinwa,periodical,ドラゴン  マガジン  Vol. 2,Dragon Magazine Vol. 2,Shinwa,
dragon-shinwa,periodical,ドラゴン  マガジン  Vol. 3,Dragon Magazine Vol. 3,Shinwa,
dragon-shinwa,periodical,ファンタジィ  ゲーマーズ  ジャーナル  Vol. 3,Fantasy Gamers' Journal Vol. 3,Shinwa,
dragon-shinwa,periodical,ドラゴン  マガジン  Vol. 4,Dragon Magazine Vol. 4,Shinwa,
dragon-shinwa,periodical,ファンタジィ  ゲーマーズ  ジャーナル  Vol. 4,Fantasy Gamers' Journal Vol. 4,Shinwa,
dragon-shinwa,periodical,ファンタジィ  ゲーマーズ  ジャーナル  Vol. 5,Fantasy Gamers' Journal Vol. 5,Shinwa,
dragon-shinwa,periodical,ファンタジィ  ゲーマーズ  ジャーナル  Vol. 6,Fantasy Gamers' Journal Vol. 6,Shinwa,
dragon-shinwa,periodical,ファンタジィ  ゲーマーズ  ジャーナル  Vol. 7,Fantasy Gamers' Journal Vol. 7,Shinwa,
el-genesis,box set,創聖記エルジェネシス2 ZWEI,Arena of Destiny,Game Field,
el-genesis,box set,創聖記エルジェネシス,El Genesis,Game Field,
el-genesis,box set,学園戦国エルジェネシス,School Civil War: El Genesis,Game Field,
el-genesis,box set,神世紀エルジェネシス,Divine Era: El Genesis,Game Field,
el-genesis,box set,ナイト・オブ・ソフィア,The Knights of Sophia,Game Field,
el-genesis,box set,シャドウ・オブ・プリンセス,The Shadow of Princess,Game Field,
el-genesis,box set,ソード・オブ・グラーヴ,Sword of Gurahve,Game Field,
enterprise,box set,エンタープライズ,Enterprise: Role Play Game in Star Trek,Tsukuda Hobby,
fantasy-file,,モンスター・コレクション,Monster Collection,Fujimi Shobo,
fantasy-file,,D&Dがよくわかる本,D&D Understand Well Book,Fujimi Shobo,
fantasy-file,,ホラー・コレクション,Horror Collection,Fujimi Shobo,
fantasy-file,,スペル・コレクション,Spell Collection,Fujimi Shobo,
fantasy-file,,アイテム・コレクション,Item Collection,Fujimi Shobo,
fantasy-file,,ファンタジーRPGクイズ,Fantasy RPG Quiz,Fujimi Shobo,
fantasy-file,,クロちゃんのRPG千夜一夜〈1〉,Kuro's RPG: 1001 Nights 1,Fujimi Shobo,
fantasy-file,,クロちゃんのRPG見聞録,Kuro's RPG: Kenbunroku,Fujimi Shobo,
fantasy-file,,トラップ・コレクション,Trap Collection,Fujimi Shobo,
fantasy-file,,クロちゃんのRPG千夜一夜〈2〉,Kuro's RPG: 1001 Nights 2,Fujimi Shobo,
fantasy-file,,クロちゃんのRPG千夜一夜〈3〉,Kuro's RPG: 1001 Nights 3,Fujimi Shobo,
fantasy-file,,キャラクター・コレクション(上),Character Collection 1,Fujimi Shobo,
fantasy-file,,キャラクター・コレクション(下),Character Collection 2,Fujimi Shobo,
fantasy-file,,やっぱりRPGが好き！,I Really Like RPGs,Fujimi Shobo,
fantasy-file,,ファンタジーRPG100の常識,100 Common Sense Fantasy RPG Practices,Fujimi Shobo,
fantasy-file,,ワースブレイドがよくわかる本,Wares Blade Understand Well Book,Fujimi Shobo,
fantasy-file,,それでもRPGが好き! ,But I Still Like RPGs,Fujimi Shobo,
fantasy-file,,ダンジョン・シネマティーク,Dungeon Cinematic,Fujimi Shobo,
fantasy-file,,実践！RPGゲームマスター道,Pratice! The RPG Gamemaster Way,Fujimi Shobo,
fantasy-file,,ファンタジーRPGクイズ2,Fantasy RPG Quiz 2,Fujimi Shobo,
fantasy-file,,ファンタジーRPGクイズ3,Fantasy RPG Quiz 3,Fujimi Shobo,
fantasy-file,,クロちゃんのRPG千夜一夜〈4〉,Kuro's RPG: 1001 Nights 4,Fujimi Shobo,
fantasy-file,,シティ・コレクション(上),City Collection 1,Fujimi Shobo,
fantasy-file,,シティ・コレクション(下),City Collection 2,Fujimi Shobo,
fantasy-file,,ブルーフォレスト物語がよくわかる本,Blue Forest Story Understand Well Book,Fujimi Shobo,
fantasy-file,,バトルテックがよくわかる本,Battletech Understand Well Book,Fujimi Shobo,
fantasy-file,,ファンタジーRPGクイズ4,Fantasy RPG Quiz 4,Fujimi Shobo,
fantasy-file,,ファンタジーRPG100の常識 (アイテム編),100 Coomon Sense Fantasy RPG Practices (Items Edition),Fujimi Shobo,
fantasy-file,,シャドウランがよくわかる本,Shadowrun Understand Well Book,Fujimi Shobo,
fantasy-file,,ファンタジーRPGの宝物が100!,100 Fantasy RPG Treasures!,Fujimi Shobo,
fantasy-file,,女の子だってRPGしたいんだもん,Girls Want to Play RPGs Too,Fujimi Shobo,
fantasy-file,,RPGマスターらくらく読本,RPG Master Easy Reader,Fujimi Shobo,
fantasy-file,,ゲームのタネ,Game Seeds,Fujimi Shobo,
fantasy-file,,TOKYO EYE‐SHOT シャドウランシティファイル,Tokyo Eye Shot: Shadowrun City File,Fujimi Shobo,
fantasy-file,,モンスター・コレクション改訂版〈下〉,Monster Coillection 3,Fujimi Shobo,
fantasy-file,,モンスター・コレクション〈上〉,Monster Collection 1,Fujimi Shobo,
fantasy-file,,モンスター・コレクション 改訂版〈中〉,Monster Collection 2,Fujimi Shobo,
fantasy-file,,RPG用誤辞典,RPG Mistake Dictionary ,Fujimi Shobo,
fighting-fantasy,gamebook,火吹山の魔法使い,The Warlock of Firetop Mountain,Shakaishisosha,1984
fighting-fantasy,gamebook,バルサスの要塞,The Citadel of Chaos,Shakaishisosha,1985
fighting-fantasy,gamebook,運命の森,The Forest of Doom,Shakaishisosha,1985
fighting-fantasy,gamebook,さまよえる宇宙船,Starship Traveller,Shakaishisosha,1985
fighting-fantasy,gamebook,盗賊都市,City of Thieves,Shakaishisosha,1985
fighting-fantasy,gamebook,死のワナの地下迷宮,Deathtrap Dungeon,Shakaishisosha,1985
fighting-fantasy,gamebook,トカゲ王の島,Island of the Lizard King,Shakaishisosha,1985
fighting-fantasy,gamebook,サソリ沼の迷路,Scorpion Swamp,Shakaishisosha,1986
fighting-fantasy,gamebook,雪の魔女の洞窟,Caverns of the Snow Witch,Shakaishisosha,1986
fighting-fantasy,gamebook,地獄の館,House of Hell,Shakaishisosha,1986
fighting-fantasy,gamebook,死神の首飾り,Talisman of Death,Shakaishisosha,1986
fighting-fantasy,gamebook,宇宙の暗殺者,Space Assassin,Shakaishisosha,1986
fighting-fantasy,gamebook,フリーウェイの戦,Freeway Fighter,Shakaishisosha,1986
fighting-fantasy,gamebook,恐怖の神殿,Temple of Terror,Shakaishisosha,1987
fighting-fantasy,gamebook,宇宙の連邦捜査官,The Rings of Kether,Shakaishisosha,1987
fighting-fantasy,gamebook,海賊船バンシー号,Seas of Blood,Shakaishisosha,1987
fighting-fantasy,gamebook,サイボーグを倒せ,Appointment with F.E.A.R.,Shakaishisosha,1987
fighting-fantasy,gamebook,電脳破壊作戦,Rebel Planet,Shakaishisosha,1987
fighting-fantasy,gamebook,深海の悪魔,Demons of the Deep,Shakaishisosha,1987
fighting-fantasy,gamebook,サムライの剣,Sword of the Samurai,Shakaishisosha,1987
fighting-fantasy,gamebook,迷宮探険競技,Trial of Champions,Shakaishisosha,1987
fighting-fantasy,gamebook,ロボット コマンドゥ,Robot Commando,Shakaishisosha,1987
fighting-fantasy,gamebook,仮面の破壊者,Masks of Mayhem,Shakaishisosha,1987
fighting-fantasy,gamebook,モンスター誕生,Creature of Havoc,Shakaishisosha,1988
fighting-fantasy,gamebook,ナイトメアキャッスル,Beneath Nightmare Castle,Shakaishisosha,1988
fighting-fantasy,gamebook,甦る妖術使い,Crypt of the Sorcerer,Shakaishisosha,1988
fighting-fantasy,gamebook,スターストライダー,Star Strider,Shakaishisosha,1988
fighting-fantasy,gamebook,恐怖の幻影,Phantoms of Fear,Shakaishisosha,1989
fighting-fantasy,gamebook,真夜中の盗賊,Midnight Rogue,Shakaishisosha,1989
fighting-fantasy,gamebook,悪霊の洞窟,Chasms of Malice,Shakaishisosha,1989
fighting-fantasy,gamebook,最後の戦士,Battleblade Warrior,Shakaishisosha,1989
fighting-fantasy,gamebook,奈落の帝王,Slaves of the Abyss,Shakaishisosha,1990
fighting-fantasy,gamebook,天空要塞アーロック,Sky Lord,Shakaishisosha,1991
game-graphix,periodical,Game Graphix Vol. 1,Game Graphix Vol. 1,Dainihonkaiga,
game-graphix,periodical,Game Graphix Vol. 2,Game Graphix Vol. 2,Dainihonkaiga,
game-graphix,periodical,Game Graphix Vol. 3,Game Graphix Vol. 3,Dainihonkaiga,
game-graphix,periodical,Game Graphix Vol. 4,Game Graphix Vol. 4,Dainihonkaiga,
game-graphix,periodical,Game Graphix Vol. 5,Game Graphix Vol. 5,Dainihonkaiga,
game-graphix,periodical,Game Graphix Vol. 6,Game Graphix Vol. 6,Dainihonkaiga,
game-graphix,periodical,Game Graphix Vol. 7,Game Graphix Vol. 7,Dainihonkaiga,
game-graphix,periodical,Game Graphix Vol. 8,Game Graphix Vol. 8,Dainihonkaiga,
game-graphix,periodical,Game Graphix Vol. 9,Game Graphix Vol. 9,Dainihonkaiga,
game-graphix,periodical,Game Graphix Vol. 10,Game Graphix Vol. 10,Dainihonkaiga,
game-graphix,periodical,Game Graphix Vol. 11,Game Graphix Vol. 11,Dainihonkaiga,
game-graphix,periodical,Game Graphix Vol. 12,Game Graphix Vol. 12,Dainihonkaiga,
game-graphix,periodical,Game Graphix Vol. 13,Game Graphix Vol. 13,Dainihonkaiga,
game-graphix,periodical,Game Graphix Vol. 14,Game Graphix Vol. 14,Dainihonkaiga,
game-graphix,periodical,Game Graphix Vol. 15,Game Graphix Vol. 15,Dainihonkaiga,
game-graphix,periodical,Game Graphix Vol. 16,Game Graphix Vol. 16,Dainihonkaiga,
game-graphix,periodical,Game Graphix Vol. 17,Game Graphix Vol. 17,Dainihonkaiga,
game-graphix,periodical,Game Graphix Vol. 18,Game Graphix Vol. 18,Dainihonkaiga,
game-graphix,periodical,Game Graphix Vol. 19,Game Graphix Vol. 19,Dainihonkaiga,
game-graphix,periodical,Game Graphix Vol. 20,Game Graphix Vol. 20,Dainihonkaiga,
game-graphix,periodical,Game Graphix Vol. 21,Game Graphix Vol. 21,Dainihonkaiga,
game-graphix,periodical,Game Graphix Vol. 22,Game Graphix Vol. 22,Dainihonkaiga,
game-graphix,periodical,Game Graphix Vol. 23,Game Graphix Vol. 23,Dainihonkaiga,
game-graphix,periodical,Game Graphix Vol. 24,Game Graphix Vol. 24,Dainihonkaiga,
game-graphix,periodical,Game Graphix Vol. 25,Game Graphix Vol. 25,Dainihonkaiga,
game-graphix,periodical,Game Graphix Vol. 26,Game Graphix Vol. 26,Dainihonkaiga,
game-graphix,periodical,Game Graphix Vol. 27,Game Graphix Vol. 27,Dainihonkaiga,
game-graphix,periodical,Game Graphix Vol. 28,Game Graphix Vol. 28,Dainihonkaiga,
game-graphix,periodical,Game Graphix Vol. 29,Game Graphix Vol. 29,Dainihonkaiga,
game-graphix,periodical,Game Graphix Vol. 30,Game Graphix Vol. 30,Dainihonkaiga,
gamers-field,periodical,ゲーマーズ・フィールド 1996 10,Gamers Field 1996 10,Game Field,
gamers-field,periodical,ゲーマーズ・フィールド 1997 1,Gamers Field 1997 1,Game Field,
gamers-field,periodical,ゲーマーズ・フィールド 1997 2,Gamers Field 1997 2,Game Field,
gamers-field,periodical,ゲーマーズ・フィールド 1997 4,Gamers Field 1997 4,Game Field,
gamers-field,periodical,ゲーマーズ・フィールド 1997 6,Gamers Field 1997 6,Game Field,
gamers-field,periodical,ゲーマーズ・フィールド 1997 8,Gamers Field 1997 8,Game Field,
gamers-field,periodical,ゲーマーズ・フィールド 1997 10,Gamers Field 1997 10,Game Field,
gamers-field,periodical,ゲーマーズ・フィールド 1997 12,Gamers Field 1997 12,Game Field,
gamers-field,periodical,ゲーマーズ・フィールド 1998 2,Gamers Field 1998 2,Game Field,
gamers-field,periodical,ゲーマーズ・フィールド 1998 4,Gamers Field 1998 4,Game Field,
gamers-field,periodical,ゲーマーズ・フィールド 1998 6,Gamers Field 1998 6,Game Field,
gamers-field,periodical,ゲーマーズ・フィールド 1998 8,Gamers Field 1998 8,Game Field,
gamers-field,periodical,ゲーマーズ・フィールド 1998 10,Gamers Field 1998 10,Game Field,
gamers-field,periodical,ゲーマーズ・フィールド 1998 12,Gamers Field 1998 12,Game Field,
gamers-field,periodical,ゲーマーズ・フィールド 1999 2,Gamers Field 1999 2,Game Field,
gamers-field,periodical,ゲーマーズ・フィールド 1999 4,Gamers Field 1999 4,Game Field,
gamers-field,periodical,ゲーマーズ・フィールド 1999 6,Gamers Field 1999 6,Game Field,
gamers-field,periodical,ゲーマーズ・フィールド 1999 8,Gamers Field 1999 8,Game Field,
gamers-field,periodical,ゲーマーズ・フィールド 4th Season Vol. 1,Gamers Field 4th Season Vol. 1,Game Field,
gamers-field,periodical,ゲーマーズ・フィールド 4th Season Vol. 2,Gamers Field 4th Season Vol. 2,Game Field,
gamers-field,periodical,ゲーマーズ・フィールド 4th Season Vol. 3,Gamers Field 4th Season Vol. 3,Game Field,
gamers-field,periodical,ゲーマーズ・フィールド 4th Season Vol. 4,Gamers Field 4th Season Vol. 4,Game Field,
gamers-field,periodical,ゲーマーズ・フィールド 4th Season Vol. 5,Gamers Field 4th Season Vol. 5,Game Field,
gamers-field,periodical,ゲーマーズ・フィールド 4th Season Vol. 6,Gamers Field 4th Season Vol. 6,Game Field,
gamers-field,periodical,ゲーマーズ・フィールド 5th Season Vol. 1,Gamers Field 5th Season Vol. 1,Game Field,
gamers-field,periodical,ゲーマーズ・フィールド 5th Season Vol. 2,Gamers Field 5th Season Vol. 2,Game Field,
gamers-field,periodical,ゲーマーズ・フィールド 5th Season Vol. 3,Gamers Field 5th Season Vol. 3,Game Field,
gamers-field,periodical,ゲーマーズ・フィールド 5th Season Vol. 4,Gamers Field 5th Season Vol. 4,Game Field,
gamers-field,periodical,ゲーマーズ・フィールド 5th Season Vol. 5,Gamers Field 5th Season Vol. 5,Game Field,
gamers-field,periodical,ゲーマーズ・フィールド 5th Season Vol. 6,Gamers Field 5th Season Vol. 6,Game Field,
gear-antique,box set,ギア・アンティーク,Gear Antique,Tsukuda Hobby,
gear-antique,box set,ギア・アンティーク・アート・アルケミー,Gear Antique: Art Alchemy,Tsukuda Hobby,
gear-antique,box set,ギア・アンティーク・スチーム・パレード,Gear Antique: Steam Parade,Tsukuda Hobby,
gear-antique,rulebook,ギア・アンティーク〜ルネッサンス〜,Gear Antique Renaissance,Game Field,
gear-antique,supplement,ギア・アンティーク〜ルネッサンス〜　ログブックパック,Gear Antique Renaissance: Log Book Pack,Game Field,
gear-antique,supplement,ギア・アンティーク〜ルネッサンス〜・エンドレス・エナジー,Gear Antique Renaissance: Endless Energy,Game Field,
gear-antique,supplement,ギア・アンティーク〜ルネッサンス〜・エンドレス・エナジー・ログブックパック,Gear Antique Renassiance: Endless Energy: Log Book Pack,Game Field,
gurps,,ガープス・ベーシック―汎用RPGルールブック,GURPS Basic: General Purpose RPG Rulebook,Kadokawa,
gurps,,ガープス・マスタースクリーン,GURPS Master Screen,Kadokawa,
gurps,,ガープス・マジック―汎用RPG呪文ガイド,GURPS Magic: General Purpose RPG Spell Guide,Kadokawa,
gurps,,ガープス・マーシャルアーツ―汎用RPG格闘技ガイド,GURPS Martial Arts: General Purpose RPG Martial Arts Guide,Kadokawa,
gurps,,ガープス・サイオニクス―汎用RPG超能力ガイド,GURPS Psionics: General Purpose RPG ESP Guide,Kadokawa,
gurps,,ガープス・サイバーパンク―汎用RPGハイパーテクノロジーガイド,GURPS Cyberpunk: General Purpose RPG Hyper Technology Guide,Kadokawa,
gurps,,武神降臨―ガープス・マーシャルアーツ・アドベンチャー,Takeshin Advent: GURPS Martial Arts Adventure,Kadokawa,
gurps,,ガープス・妖魔夜行―妖怪アクションRPG,GURPS Creatures of the Night: Ghost Action RPG,Kadokawa,
gurps,,妖怪秘聞―ガープス・妖魔夜行リプレイ,Ghost Secret Story: GURPS Creatures of the Night Replay,Kadokawa,
gurps,,ガープス・妖魔夜行 妖怪伝奇,GURPS Creatures of the Night: Ghost Story,Kadokawa,
gurps,,闇紀行―ガープス・妖魔夜行・データ集,Dark Journey: GURPS Creatures of the Night: Data Collection,Kadokawa,
gurps,,妖魔荘の怪事件―ガープス・妖魔夜行・アドベンチャー,Yomaiso Mystery Case: GURPS Creatures of the Night Adventure,Kadokawa,
gurps,,東京クライシス―ガープス・妖魔夜行リプレイ,Tokyo Crisis: GURPS Creatures of the Night Replay,Kadokawa,
gurps,,戦慄のチェスゲーム : ガープス・妖魔夜行リプレイ,Chess Game of Dread: GURPS Creatures of the Night Replay,Kadokawa,
gurps,,ガープス・リング★ドリーム―女子プロレス最強伝説,GURPS Ring Dream: Legend of the Strongest Female Wrestling,Kadokawa,
gurps,,ガープス・リング★ドリーム・リプレイ―少女たちのテンカウント,GURPS Ring Dream Replay: Girls Countout,Kadokawa,
gurps,,ガープス・コクーン コメディファンタジーRPG,GURPS Cocoon: Comedy Fantasy RPG,Kadokawa,
gurps,,騒げ、悪党たち!―ガープス・コクーン・アドベンチャー,"Uproar, the Villains! GURPS Cocoon Adventure",Kadokawa,
gurps,,ガープス・ルナル,GURPS Runal,Kadokawa,
gurps,,ガープス・ルナル・モンスター,GURPS Runal Monster,Kadokawa,
gurps,,ガープス・ルナル・コンパニオンズ,GURPS Runal Companions,Kadokawa,
gurps,,ガープス・ルナル・アドベンチャー 鬼面都市の冒険,GURPS Runal Adventure: Demon Plane City,Kadokawa,
gurps,,ガープス・ルナル・アドベンチャー 月を追うものたち,GURPS Runal Adventure: Those Who Chase the Moon,Kadokawa,
hayakawa,,グィン・サーガ―ラルハスの戦い,Guin Saga: Raruhasu Battle,Hayakawa Publishing,
hayakawa,,惑星カリブの罠/高飛びレイク,Planet Caribbean Trap / High Jump Lake,Hayakawa Publishing,
hayakawa,,失われた体 魔法使いディノン 1,Lost Body: Witch Dinon 1,Hayakawa Publishing,
hayakawa,,闇と炎の狩人 魔法使いディノン 2,Darkness and the Fire Hunter: Witch Dinon 2,Hayakawa Publishing,
hayakawa,,みのりちゃんシリー手軽にできる絶体絶命,Minorichan Series: Easy Desperate Life,Hayakawa Publishing,
horai-school,,蓬萊学園の冒険!!,Horai School Adventure!!,Yuentai,
horai-school,,蓬萊学園の放課後!!,After School at Horai Gakuen!!,Yuentai,
horai-school,,蓬萊学園の秘密!! ～学園騎士の仮面～,Horai School's Secret!! Gakuen Knight's Mask,Yuentai,
horai-school,,蓬萊学園の探検!!,Exploring Horai School!!,Yuentai,
horai-school,,蓬萊学園のついたて,Horai School Screen,Yuentai,
horai-school,,蓬萊学園の冒険!! 改訂版,Horai School Adventure!! Revised Edition,Yuentai,
logout,,1,,,
logout,,2,,,
logout,,3,,,
logout,,4,,,
logout,,5,,,
logout,,ロクアウト・ノベルスペシャル,Novel Special,,
logout,,テーブルトークRPGスペシャル,Tabletop RPG Special,,
logout,,1993/6,,,
logout,,1993/7,,,
logout,,1993/8,,,
logout,,1993/9,,,
logout,,1993/10,,,
logout,,1993/11,,,
logout,,1993/12,,,
logout,,1994/1,,,
logout,,1994/2,,,
logout,,1994/3,,,
logout,,1994/4,,,
logout,,1994/5,,,
logout,,1994/6,,,
logout,,1994/7,,,
logout,,1994/8,,,
logout,,1994/9,,,
logout,,1994/10,,,
logout,,1994/11,,,
logout,,1994/12,,,
logout,,1995/1,,,
logout,,1995/2,,,
logout,,1995/3,,,
logout,,1995/4,,,
logout,,1995/5,,,
logout,,1995/6,,,
logout,,1995/7,,,
logout,,1995/8,,,
logout,,1995/9,,,
logout,,1995/10,,,
logout,,1995/11,,,
logout,,1995/12,,,
magius,,MAGIUSスタートブック,Magius Start Book,Fujimi Shobo,
magius,,だんぢょん大作戦,Danzyan Operation,Fujimi Shobo,
magius,,五竜亭RPG―五竜亭の大騒動!,Go Ryutei RPG,Fujimi Shobo,
magius,,蓬莱学園RPG―蓬莱83分署,Horai School RPG: Horai 83 Branch Office,Fujimi Shobo,
magius,,モンスターメーカー学園RPG,Monster Maker Academy RPG,Fujimi Shobo,
magius,,騒動無用!,No Uproar!,Fujimi Shobo,
magius,,ロケットガールRPG,Rocket Girl RPG,Fujimi Shobo,
magius,,セイバーマリオネットJ‐RPG - ぼくだけのアリシア,Saber Marionette RPG,Fujimi Shobo,
magius,,サイレントメビウスRPG,Silent Möbius RPG,Fujimi Shobo,
magius,,スレイヤーズRPG - ナーガ様といっしょ,Slayers RPG with Naga,Fujimi Shobo,
magius,,天地無用!RPG,Tenchi Muyo RPG,Fujimi Shobo,
magius,,ゲットレディ、GO!―それゆけ!宇宙戦艦ヤマモト・ヨーコRPG,"Get Ready, Go!",Fujimi Shobo,
magius,,入門!リナの魔法教室,Lina's Magic Classroom,Fujimi Shobo,
magius,,ナーガ様がいっぱい,Naga is Full,Fujimi Shobo,
magius,,新世紀エヴァンゲリオンRPG,Neon Genesis Evangelion RPG,Fujimi Shobo,
magius,,天地無用!漂流記,Tenchi  Muyo Drifing,Fujimi Shobo,
magius,,天地無用!in LOVE RPG,Tenchi Muyo in Love RPG,Fujimi Shobo,
magius,,使徒、撃滅!,Apostle Destroyed!,Fujimi Shobo,
magius,,魔法学園LUNAR! RPG,Magic Academy Lunar! RPG,Fujimi Shobo,
magius,,魔法少女プリティサミーRPG,Magical Girl Pretty Sammy RPG,Fujimi Shobo,
magius,,魔術士オーフェン 私闘編,Sorcerous Stabber Orphen: Private Fight,Fujimi Shobo,
magius,,MAZE☆爆熱時空RPG ,MAZE ☆ Explosive Space-Time RPG,Fujimi Shobo,
magius,,町内防衛隊RPG - 空想科学MAGIUS,Neighborhood Defense Corps RPG,Fujimi Shobo,
magius,,新世紀エヴァンゲリオンRPG2,Neon Genesis Evangelion RPG II,Fujimi Shobo,
magius,,聖王都 あどべんちゃあ,Holy Imperial City Adventure,Fujimi Shobo,
magius,,お宝くえすと ,Treasure Quest,Fujimi Shobo,
magius,,ロストユニバース 芸夢轟く,Lost Universe,Fujimi Shobo,
magius,,魔術士オーフェン 野望編,Sorcerous Stabber Orphen: Ambition,Fujimi Shobo,
magius,,機動戦艦ナデシコ - ときめき『キッス』は誰のもの!?,Martian Successor Nadesico,Fujimi Shobo,
mechwarrior,,メックウォリア,Mechwarrior,富士見書房,
mechwarrior,,メックウォリアーRPGシナリオ集(1) 戦乱のタマラー協定領,Mechwarrior RPG Scenario Collection 1: Battle of Tamara: Agreement,富士見書房,
mechwarrior,,魔弾の射手―メックウォリアーRPGリプレイ集〈1〉,Magic Bullet Shooter: Mechwarrior RPG Replay Collection 1,富士見書房,
mechwarrior,,エニウェアの嵐―メックウォリアーRPGリプレイ集〈2〉,Anywhere's Storm: Mechwarrior RPG Replay Collection 2,富士見書房,
mechwarrior,,虚像たちのワルツ―メックウォリアーRPGリプレイ集 3 ,Waltz of Virtual Images: Mechwarrior RPG Replay Collection 3,富士見書房,
mechwarrior,,終末へのカウントダウン―メックウォリアーRPGリプレイ集〈4〉,Countdown to the End: Mechwarrior RPG Replay Collection 4,富士見書房,
metalhead,,メタルヘッド,Metal Head,Hobby Japan,
metalhead,,Metal Head Backup Screen,Metalhead Backup Screen,Hobby Japan,
metalhead,,クロムビート,Chrome Beat,Hobby Japan,
metalhead,,コアストライク,Core Strike,Hobby Japan,
metalhead,,Metal Head Hand Book,Metal Head Hand Book,Hobby Japan,
metalhead,,ハードブレイク,Hard Break,Hobby Japan,
metalhead,,ヘビーソルジャー,Heavy Soldier,Hobby Japan,
metalhead,,サイクロン,Psy-Clone,Hobby Japan,
metalhead,,ヴァーチャル・シティ,Virtual City,Hobby Japan,
new-goddess-reincarnation,rulebook,真・女神転生RPG基本システム,New Goddess Reincarnation RPG Basic System,ASCII,
new-goddess-reincarnation,supplement,真・女神転生RPG世紀末サバイバル・ガイド ,New Goddess Reincarnation RPG End of the Century Survival Guide,Aspect,
new-goddess-reincarnation,replay,魔性の傀儡 真・女神転生RPGリプレイ ,Evil Puppet: New Goddess Reincarnation RPG Replay,Aspect,
new-goddess-reincarnation,rulebook,真・女神転生II TRPG誕生篇,New Goddess Reincarnation II RPG Birth Edition,ASCII,
new-goddess-reincarnation,rulebook,紅蓮の夜 真・女神転生IITRPG誕生篇ジャンプスタート・キット,Night of the Lotus: New Goddess Reincarnation II RPG Birth Edition Jump Start Kit,Aspect,
new-goddess-reincarnation,replay,魔界の扉　真・女神転生IITRPGリプレイ ,Gate of Hell: New Goddess Reincarnation II RPG Birth Edition Replay,Aspect,
new-goddess-reincarnation,supplement,金色の箱　真・女神転生IITRPGサプリメント,Golden Box: New Goddess Reincarnation II RPG Birth Edition Supplement,ASCII,
new-goddess-reincarnation,replay,八雲の狭霧　真・女神転生IITRPGリプレイ,Mists of Yakumo: New Goddess Reincarnation II RPG Birth Edition Replay,ASCII,
new-goddess-reincarnation,rulebook,真・女神転生TRPG覚醒篇,New Goddess Reincarnation RPG Awakening Edition,Aspect,
new-goddess-reincarnation,supplement,業魔殿―真・女神転生TRPG覚醒篇サプリメント,Business Hall: New Goddess Reincarnation RPG Awakening Edition Supplement,Suzaku Games,
official-dnd-magazine,periodical,オフィシャル D&D マガジン #1,Official Dungeons & Dragons Magazine #1,Shinwa,
official-dnd-magazine,periodical,オフィシャル D&D マガジン #2,Official Dungeons & Dragons Magazine #2,Shinwa,
official-dnd-magazine,periodical,オフィシャル D&D マガジン #3,Official Dungeons & Dragons Magazine #3,Shinwa,
official-dnd-magazine,periodical,オフィシャル D&D マガジン #4,Official Dungeons & Dragons Magazine #4,Shinwa,
official-dnd-magazine,periodical,オフィシャル D&D マガジン #5,Official Dungeons & Dragons Magazine #5,Shinwa,
official-dnd-magazine,periodical,オフィシャル D&D マガジン #6,Official Dungeons & Dragons Magazine #6,Shinwa,
official-dnd-magazine,periodical,オフィシャル D&D マガジン #7,Official Dungeons & Dragons Magazine #7,Shinwa,
official-dnd-magazine,periodical,オフィシャル D&D マガジン #7½,Official Dungeons & Dragons Magazine #7½,Shinwa,
official-dnd-magazine,periodical,オフィシャル D&D マガジン #8,Official Dungeons & Dragons Magazine #8,Shinwa,
official-dnd-magazine,periodical,オフィシャル D&D マガジン #9,Official Dungeons & Dragons Magazine #9,Shinwa,
official-dnd-magazine,periodical,オフィシャル D&D マガジン #10,Official Dungeons & Dragons Magazine #10,Shinwa,
official-dnd-magazine,periodical,オフィシャル D&D マガジン #11,Official Dungeons & Dragons Magazine #11,Shinwa,
official-dnd-magazine,periodical,オフィシャル D&D マガジン #12,Official Dungeons & Dragons Magazine #12,Shinwa,
official-dnd-magazine,periodical,オフィシャル D&D マガジン #13,Official Dungeons & Dragons Magazine #13,Shinwa,
official-dnd-magazine,periodical,オフィシャル D&D マガジン #14,Official Dungeons & Dragons Magazine #14,Shinwa,
official-dnd-magazine,periodical,オフィシャル D&D マガジン #15,Official Dungeons & Dragons Magazine #15,Shinwa,
official-dnd-magazine,periodical,オフィシャル D&D マガジン #16,Official Dungeons & Dragons Magazine #16,Shinwa,
official-dnd-magazine,periodical,オフィシャル D&D マガジン #17,Official Dungeons & Dragons Magazine #17,Shinwa,
official-dnd-magazine,periodical,オフィシャル D&D マガジン #18,Official Dungeons & Dragons Magazine #18,Shinwa,
official-dnd-magazine,periodical,オフィシャル D&D マガジン #19,Official Dungeons & Dragons Magazine #19,Shinwa,
official-dnd-magazine,periodical,オフィシャル D&D マガジン #20,Official Dungeons & Dragons Magazine #20,Shinwa,
official-dnd-magazine,periodical,オフィシャル D&D マガジン #21,Official Dungeons & Dragons Magazine #21,Shinwa,
official-dnd-magazine,periodical,オフィシャル D&D マガジン #22,Official Dungeons & Dragons Magazine #22,Shinwa,
official-dnd-magazine,periodical,オフィシャル D&D マガジン #23,Official Dungeons & Dragons Magazine #23,Shinwa,
official-dnd-magazine,periodical,オフィシャル D&D マガジン  プレイングガイド,Official Dungeons & Dragons Playing Guide,Shinwa,
official-dnd-magazine,periodical,オフィシャル D&D マガジン  プレイングガイドII,Official Dungeons & Dragons Playing Guide II,Shinwa,
official-dnd-magazine,periodical,オフィシャル D&D マガジン  プレイングガイドIII,Official Dungeons & Dragons Playing Guide III,Shinwa,
official-dnd-magazine,periodical,オフィシャル D&D マガジン  プレイングガイドIV,Official Dungeons & Dragons Playing Guide IV,Shinwa,
official-dnd-magazine,periodical,オフィシャル D&D マガジン  プレイングガイドV,Official Dungeons & Dragons Playing Guide V,Shinwa,
official-dnd-magazine,periodical,オフィシャル D&D マガジン  プレイングガイドVI,Official Dungeons & Dragons Playing Guide VI,Shinwa,
official-dnd-magazine,periodical,オフィシャル D&D マガジン  プレイングガイドVII,Official Dungeons & Dragons Playing Guide VII,Shinwa,
oka-shujin,,央華封神ルールブック〈1〉プレイヤーブック,Oka Shujin Rule Book 1: Player Book,Media Works,
oka-shujin,,央華封神ルールブック〈2〉ゲームマスターブック,Oka Shujin Rule Book 2: Gamemaster Book,Media Works,
oka-shujin,,央華封神を遊ぶ本―シナリオ&拡張データ,Oka Shujin Play Book: Scenario and Extended Data,Media Works,
oka-shujin,,央華を渡る風―央華封神シナリオソースブック,The Wind that Crosses Oka: Oka Shujin Scenario Source Book,Media Works,
oka-shujin,,悪に怒りを燃やすとき!―央華封神シナリオ集,When you are angry with evil! Oka Shujin Scenario Collection,Media Works,
oka-shujin,,妖怪どもをぶっとばせ!―央華封神リプレイ〈1〉,Blast the Monsters! Oka Shujin Replay 1,Media Works,
oka-shujin,,空の果てまで翔んでいけ!央華封神リプレイ〈2〉,Fly to the End of the Sky! Oka Shujin Replay 2,Media Works,
operation,periodical,Vol. 1,,Tsukuda Hobby,
operation,periodical,Vol. 2,,Tsukuda Hobby,
operation,periodical,Vol. 3,,Tsukuda Hobby,
operation,periodical,Vol. 4,,Tsukuda Hobby,
operation,periodical,Vol. 5,,Tsukuda Hobby,
operation,periodical,Vol. 6,,Tsukuda Hobby,
operation,periodical,Vol. 7,,Tsukuda Hobby,
operation,periodical,Vol. 8,,Tsukuda Hobby,
operation,periodical,Vol. 9,,Tsukuda Hobby,
operation,periodical,Vol. 10,,Tsukuda Hobby,
operation,periodical,Vol. 11,,Tsukuda Hobby,
operation,periodical,Vol. 12,,Tsukuda Hobby,
operation,periodical,Vol. 13,,Tsukuda Hobby,
operation,periodical,Vol. 14,,Tsukuda Hobby,
operation,periodical,Vol. 15,,Tsukuda Hobby,
operation,periodical,Vol. 16,,Tsukuda Hobby,
operation,periodical,Vol. 17,,Tsukuda Hobby,
operation,periodical,Vol. 18,,Tsukuda Hobby,
operation,periodical,Vol. 19,,Tsukuda Hobby,
phantasm-adventure,rulebook,ファンタズム・アドベンチャー,Phantasm Adventure,Daihonkaiga,
phantasm-adventure,rulebook,アドバンスド・ファンタズム・アドベンチャー,Advanced Phantasm Adventure,Daihonkaiga,
phantasm-adventure,supplement,ノーザンエリア,Northern Area: PA World Guide 1,Daihonkaiga,
phantasm-adventure,scenario,亡霊の砦/洞窟の死神,Ghost Fortress / Cave Grim Reaper,Daihonkaiga,
phantasm-adventure,scenario,水竜湖の暗黒城,The Black Keep of the Serpent Lake,Daihonkaiga,
phantasm-adventure,scenario,霧雨の島,Misty Islands,Daihonkaiga,
phantasm-adventure,replay,ファンタズムクエスト,Phantasm Quest,Daihonkaiga,
phantasm-adventure,supplement,ファンタスティック・クリーチャー・ワールド ,Fantastic Creature World,Daihonkaiga,
record-of-lodoss-war,,ロードス島戦記 コンパニオン,Record of Lodoss War Companion,Kadokawa Shoten,
record-of-lodoss-war,,ロードス島戦記 コンパニオン2,Record of Lodoss War Companion 2,Kadokawa Shoten,
record-of-lodoss-war,,ロードス島戦記 コンパニオン3,Record of Lodoss War Companion 3,Kadokawa Shoten,
record-of-lodoss-war,,ロードス島RPG ベーシックルール,Lodoss Island RPG Basic Rules,Kadokawa Shoten,
record-of-lodoss-war,,ロードス島RPG エキスパートルール,Lodoss Island RPG Expert Rules,Kadokawa Shoten,
record-of-lodoss-war,,ソード・ワールドRPG ロードス島ワールドガイド,Sword World RPG Lodoss Island World Guide,Fujimi Shobo,
record-of-lodoss-war,,ロードス島戦記ハンドブック1,Record of Lodoss War Handbook 1,BNN,
record-of-lodoss-war,,ロードス島戦記ハンドブック2,Record of Lodoss War Handbook 2,BNN,
record-of-lodoss-war,,ロードス島RPGシナリオ集出発の刻,Lodoss Island RPG Scenario Collection: Time of Departure,Kadokawa Shoten,
record-of-lodoss-war,,RPGリプレイ ロードス島戦記〈1〉,RPG Replay Record of LodossWar 1,Kadokawa Shoten,
record-of-lodoss-war,,RPGリプレイ ロードス島戦記〈2〉,RPG Replay Record of LodossWar 2,Kadokawa Shoten,
record-of-lodoss-war,,RPGリプレイ ロードス島戦記〈3〉,RPG Replay Record of LodossWar 3,Kadokawa Shoten,
record-of-lodoss-war,,RPGリプレイ ロードス島戦記〈1〉,RPG Replay Record of LodossWar 1,Kadokawa Shoten,
record-of-lodoss-war,,RPGリプレイ ロードス島戦記〈2〉,RPG Replay Record of LodossWar 2,Kadokawa Shoten,
record-of-lodoss-war,,RPGリプレイ ロードス島戦記〈3〉,RPG Replay Record of LodossWar 3,Kadokawa Shoten,
record-of-lodoss-war,,RPGリプレイ ロードス島戦記〈1〉,RPG Replay Record of LodossWar 1,Fujimi Shobo,
record-of-lodoss-war,,RPGリプレイ ロードス島戦記〈2〉,RPG Replay Record of LodossWar 2,Fujimi Shobo,
record-of-lodoss-war,,RPGリプレイ ロードス島戦記〈3〉,RPG Replay Record of LodossWar 3,Fujimi Shobo,
record-of-lodoss-war,,ロードス島伝説―RPGリプレイ (1),Lodoss Island Legend RPG Replay 1,Kadokawa Shoten,
record-of-lodoss-war,,ロードス島伝説―RPGリプレイ (2),Lodoss Island Legend RPG Replay 2,Kadokawa Shoten,
record-of-lodoss-war,,ロードス島伝説―RPGリプレイ (3),Lodoss Island Legend RPG Replay 3,Kadokawa Shoten,
roads-to-lord,box set,ローズ・トゥ・ロード,The Roads to the Lord,Tsukuda Hobby,
roads-to-lord,box set,ローズ・トゥ・ロード,Nahan/Ramzas,Tsukuda Hobby,
roads-to-lord,box set,ローズ・トゥ・ロード拡張キット ストラディウム編 デラックスセット,Stra Diumn: Roads to Lord Expansion Kit Deluxe Set,Tsukuda Hobby,
roads-to-lord,box set,ローズ・トゥ・ロード拡張キット ストラディウム編 Vol.2,Stra Diumn: Roads to Lord Expansion Kit,Tsukuda Hobby,
roads-to-lord,box set,ローズ・トゥ・ロード拡張キット ストラディウム編 Vol.3,???,Tsukuda Hobby,
roads-to-lord,box set,グイン・ワールド,Guin World,Tsukuda Hobby,
roads-to-lord,box set,ビヨンド・ローズ・トゥ・ロード,Beyond Roads to Lord,Tsukuda Hobby,
roads-to-lord,box set,変異混成術師の夜,Shade of South,Tsukuda Hobby,
roads-to-lord,box set,ファー・ローズ・トゥ・ロード,Far Roads to Lord,Tsukuda Hobby,
roads-to-lord,supplement,スィーラの芝居小屋,Gamemaster's Set,Tsukuda Hobby,
roads-to-lord,supplement,大旗戦争,Great Flag War,Tsukuda Hobby,
roads-to-lord,supplement,ユルセルーム博物誌,Ivanmuira,Tsukuda Hobby,
roads-to-lord,supplement,月歌物語,Melyun Esion,Tsukuda Hobby,
roads-to-lord,supplement,剣と魔法,Severnn & Selmeri,Tsukuda Hobby,
rpg-dragon,periodical,RPGドラゴン No. 1,RPG Dragon No. 1,Fujimi Shobo,
rpg-dragon,periodical,RPGドラゴン No. 2,RPG Dragon No. 2,Fujimi Shobo,
rpg-dragon,periodical,RPGドラゴン No. 3,RPG Dragon No. 3,Fujimi Shobo,
rpg-dragon,periodical,RPGドラゴン No. 4,RPG Dragon No. 4,Fujimi Shobo,
rpg-dragon,periodical,RPGドラゴン No. 5,RPG Dragon No. 5,Fujimi Shobo,
rpg-dragon,periodical,RPGドラゴン No. 6,RPG Dragon No. 6,Fujimi Shobo,
rpg-dragon,periodical,RPGドラゴン No. 7,RPG Dragon No. 7,Fujimi Shobo,
rpg-dragon,periodical,RPGドラゴン No. 8,RPG Dragon No. 8,Fujimi Shobo,
rpg-dragon,periodical,RPGドラゴン No. 9,RPG Dragon No. 9,Fujimi Shobo,
rpg-dragon,periodical,RPGドラゴン No. 10,RPG Dragon No. 10,Fujimi Shobo,
rpg-dragon,periodical,RPGドラゴン No. 11,RPG Dragon No. 11,Fujimi Shobo,
rpg-dragon,periodical,RPGドラゴン No. 12,RPG Dragon No. 12,Fujimi Shobo,
rpg-dragon,periodical,RPGドラゴン No. 13,RPG Dragon No. 13,Fujimi Shobo,
rpg-magazine,periodical,1990/5 No. 01,1990/5,Hobby Japan,
rpg-magazine,periodical,1990/6 No. 02,1990/6,Hobby Japan,
rpg-magazine,periodical,1990/7 No. 03,1990/7,Hobby Japan,
rpg-magazine,periodical,1990/8 No. 04,1990/8,Hobby Japan,
rpg-magazine,periodical,1990/9 No. 05,1990/9,Hobby Japan,
rpg-magazine,periodical,1990/10 No. 06,1990/10,Hobby Japan,
rpg-magazine,periodical,1990/11 No. 07,1990/11,Hobby Japan,
rpg-magazine,periodical,1990/12 No. 08,1990/12,Hobby Japan,
rpg-magazine,periodical,1991/1 No. 09,1991/1,Hobby Japan,
rpg-magazine,periodical,1991/2 No. 10,1991/2,Hobby Japan,
rpg-magazine,periodical,1991/3 No. 11,1991/3,Hobby Japan,
rpg-magazine,periodical,1991/4 No. 12,1991/4,Hobby Japan,
rpg-magazine,periodical,1991/5 No. 13,1991/5,Hobby Japan,
rpg-magazine,periodical,1991/6 No. 14,1991/6,Hobby Japan,
rpg-magazine,periodical,1991/7 No. 15,1991/7,Hobby Japan,
rpg-magazine,periodical,1991/8 No. 16,1991/8,Hobby Japan,
rpg-magazine,periodical,1991/9 No. 17,1991/9,Hobby Japan,
rpg-magazine,periodical,1991/10 No. 18,1991/10,Hobby Japan,
rpg-magazine,periodical,1991/11 No. 19,1991/11,Hobby Japan,
rpg-magazine,periodical,1991/12 No. 20,1991/12,Hobby Japan,
rpg-magazine,periodical,1992/1 No. 21,1992/1,Hobby Japan,
rpg-magazine,periodical,1992/2 No. 22,1992/2,Hobby Japan,
rpg-magazine,periodical,1992/3 No. 23,1992/3,Hobby Japan,
rpg-magazine,periodical,1992/4 No. 24,1992/4,Hobby Japan,
rpg-magazine,periodical,1992/5 No. 25,1992/5,Hobby Japan,
rpg-magazine,periodical,1992/6 No. 26,1992/6,Hobby Japan,
rpg-magazine,periodical,1992/7 No. 27,1992/7,Hobby Japan,
rpg-magazine,periodical,1992/8 No. 28,1992/8,Hobby Japan,
rpg-magazine,periodical,1992/9 No. 29,1992/9,Hobby Japan,
rpg-magazine,periodical,1992/10 No. 30,1992/10,Hobby Japan,
rpg-magazine,periodical,1992/11 No. 31,1992/11,Hobby Japan,
rpg-magazine,periodical,1992/12 No. 32,1992/12,Hobby Japan,
rpg-magazine,periodical,1993/1 No. 33,1993/1,Hobby Japan,
rpg-magazine,periodical,1993/2 No. 34,1993/2,Hobby Japan,
rpg-magazine,periodical,1993/3 No. 35,1993/3,Hobby Japan,
rpg-magazine,periodical,1993/4 No. 36,1993/4,Hobby Japan,
rpg-magazine,periodical,1993/5 No. 37,1993/5,Hobby Japan,
rpg-magazine,periodical,1993/6 No. 38,1993/6,Hobby Japan,
rpg-magazine,periodical,1993/7 No. 39,1993/7,Hobby Japan,
rpg-magazine,periodical,1993/8 No. 40,1993/8,Hobby Japan,
rpg-magazine,periodical,1993/9 No. 41,1993/9,Hobby Japan,
rpg-magazine,periodical,1993/10 No. 42,1993/10,Hobby Japan,
rpg-magazine,periodical,1993/11 No. 43,1993/11,Hobby Japan,
rpg-magazine,periodical,1993/12 No. 44,1993/12,Hobby Japan,
rpg-magazine,periodical,1994/1 No. 45,1994/1,Hobby Japan,
rpg-magazine,periodical,1994/2 No. 46,1994/2,Hobby Japan,
rpg-magazine,periodical,1994/3 No. 47,1994/3,Hobby Japan,
rpg-magazine,periodical,1994/4 No. 48,1994/4,Hobby Japan,
rpg-magazine,periodical,1994/5 No. 49,1994/5,Hobby Japan,
rpg-magazine,periodical,1994/6 No. 50,1994/6,Hobby Japan,
rpg-magazine,periodical,1994/7 No. 51,1994/7,Hobby Japan,
rpg-magazine,periodical,1994/8 No. 52,1994/8,Hobby Japan,
rpg-magazine,periodical,1994/9 No. 53,1994/9,Hobby Japan,
rpg-magazine,periodical,1994/10 No. 54,1994/10,Hobby Japan,
rpg-magazine,periodical,1994/11 No. 55,1994/11,Hobby Japan,
rpg-magazine,periodical,1994/12 No. 56,1994/12,Hobby Japan,
rpg-magazine,periodical,1995/1 No. 57,1995/1,Hobby Japan,
rpg-magazine,periodical,1995/2 No. 58,1995/2,Hobby Japan,
rpg-magazine,periodical,1995/3 No. 59,1995/3,Hobby Japan,
rpg-magazine,periodical,1995/4 No. 60,1995/4,Hobby Japan,
rpg-magazine,periodical,1995/5 No. 61,1995/5,Hobby Japan,
rpg-magazine,periodical,1995/6 No. 62,1995/6,Hobby Japan,
rpg-magazine,periodical,1995/7 No. 63,1995/7,Hobby Japan,
rpg-magazine,periodical,1995/8 No. 64,1995/8,Hobby Japan,
rpg-magazine,periodical,1995/9 No. 65,1995/9,Hobby Japan,
rpg-magazine,periodical,1995/10 No. 66,1995/10,Hobby Japan,
rpg-magazine,periodical,1995/11 No. 67,1995/11,Hobby Japan,
rpg-magazine,periodical,1995/12 No. 68,1995/12,Hobby Japan,
rpg-magazine,periodical,1996/1 No. 69,1996/1,Hobby Japan,
rpg-magazine,periodical,1996/2 No. 70,1996/2,Hobby Japan,
rpg-magazine,periodical,1996/3 No. 71,1996/3,Hobby Japan,
rpg-magazine,periodical,1996/4 No. 72,1996/4,Hobby Japan,
rpg-magazine,periodical,1996/5 No. 73,1996/5,Hobby Japan,
rpg-magazine,periodical,1996/6 No. 74,1996/6,Hobby Japan,
rpg-magazine,periodical,1996/7 No. 75,1996/7,Hobby Japan,
rpg-magazine,periodical,1996/8 No. 76,1996/8,Hobby Japan,
rpg-magazine,periodical,1996/9 No. 77,1996/9,Hobby Japan,
rpg-magazine,periodical,1996/10 No. 78,1996/10,Hobby Japan,
rpg-magazine,periodical,1996/11 No. 79,1996/11,Hobby Japan,
rpg-magazine,periodical,1996/12 No. 80,1996/12,Hobby Japan,
rpg-magazine,periodical,1997/1 No. 81,1997/1,Hobby Japan,
rpg-magazine,periodical,1997/2 No. 82,1997/2,Hobby Japan,
rpg-magazine,periodical,1997/3 No. 83,1997/3,Hobby Japan,
rpg-magazine,periodical,1997/4 No. 84,1997/4,Hobby Japan,
rpg-magazine,periodical,1997/5 No. 85,1997/5,Hobby Japan,
rpg-magazine,periodical,1997/6 No. 86,1997/6,Hobby Japan,
rpg-magazine,periodical,1997/7 No. 87,1997/7,Hobby Japan,
rpg-magazine,periodical,1997/8 No. 88,1997/8,Hobby Japan,
rpg-magazine,periodical,1997/9 No. 89,1997/9,Hobby Japan,
rpg-magazine,periodical,1997/10 No. 90,1997/10,Hobby Japan,
rpg-magazine,periodical,1997/11 No. 91,1997/11,Hobby Japan,
rpg-magazine,periodical,1997/12 No. 92,1997/12,Hobby Japan,
rpg-magazine,periodical,1998/1 No. 93,1998/1,Hobby Japan,
rpg-magazine,periodical,1998/2 No. 94,1998/2,Hobby Japan,
rpg-magazine,periodical,1998/3 No. 95,1998/3,Hobby Japan,
rpg-magazine,periodical,1998/4 No. 96,1998/4,Hobby Japan,
rpg-magazine,periodical,1998/5 No. 97,1998/5,Hobby Japan,
rpg-magazine,periodical,1998/6 No. 98,1998/6,Hobby Japan,
rpg-magazine,periodical,1998/7 No. 99,1998/7,Hobby Japan,
rpg-magazine,periodical,1998/8 No. 100,1998/8,Hobby Japan,
rpg-magazine,periodical,1998/9 No. 101,1998/9,Hobby Japan,
rpg-magazine,periodical,1998/10 No. 102,1998/10,Hobby Japan,
rpg-magazine,periodical,1998/11 No. 103,1998/11,Hobby Japan,
rpg-magazine,periodical,1998/12 No. 104,1998/12,Hobby Japan,
rpg-magazine,periodical,1999/1 No. 105,1999/1,Hobby Japan,
rpg-magazine,periodical,1999/2 No. 106,1999/2,Hobby Japan,
rpg-magazine,periodical,1999/3 No. 107,1999/3,Hobby Japan,
rpg-magazine,periodical,1999/4 No. 108,1999/4,Hobby Japan,
rpg-magazine,periodical,1999/5 No. 109,1999/5,Hobby Japan,
rpg-magazine,periodical,1999/6 No. 110,1999/6,Hobby Japan,
rpg-magazine,periodical,1999/7 No. 111,1999/7,Hobby Japan,
rpg-magazine,periodical,1999/8 No. 112,1999/8,Hobby Japan,
runequest,,アップルレーン,Apple Lane,Hobby Japan,
runequest,,ドラゴンアトラス,Dragon Atlas,Hobby Japan,
runequest,,ドラゴン・パス,Dragon Pass,Hobby Japan,
runequest,,グローランサ古の秘密,Elder Secrets of Glorantha,Hobby Japan,
runequest,,グローランサ,Glorantha,Hobby Japan,
runequest,,グローランサ動物誌,Gloranthan Bestiary,Hobby Japan,
runequest,,グローランサの神々,Gods of Glorantha,Hobby Japan,
runequest,,グリフィン・アイランド,Griffin Island,Hobby Japan,
runequest,,グローランサ年代記,King of Sartar,Hobby Japan,
runequest,,モンスターコロシアム,Monster Coliseum,Hobby Japan,
runequest,,ゆりかご河,River of Cradles,Hobby Japan,
runequest,,ルーンクエスト,RuneQuest,Hobby Japan,
runequest,,ルーンクエスト・ナインティーズ,RuneQuest '90s,Hobby Japan,
runequest,,ルーンクエスト上級ルールブック,RuneQuest Advanced Set,Hobby Japan,
runequest,,ルーンクエスト・シティーズ,RuneQuest Cities,Hobby Japan,
runequest,,ルーンクエルトコンパニオン,RuneQuest Companion,Hobby Japan,
runequest,,RQスクリーン・セット,RuneQuest Screen,Hobby Japan,
runequest,,スネークパイプ・ホロウ,Snake Pipe Hollow,Hobby Japan,
runequest,,サンカウンティ,Sun County,Hobby Japan,
runequest,,トロウルパック,Trollpak,Hobby Japan,
seven-fortress,rulebook,セブン＝フォートレス,Seven Fortress,Hobby Japan,
seven-fortress,rulebook,セブン＝フォートレス Advanced,Seven Fortress Advanced,Aspect,
seven-fortress,rulebook,セブン＝フォートレス クラシック,Seven Fortress Classic,Game Field,
seven-fortress,supplement,セブン＝フォートレス EX,Seven Fortress EX,Game Field,
seven-fortress,replay,アルセイルの氷砦,Arsale Ice Fort,Game Field,
seven-fortress,replay,フォーラの森砦,Fora Fortress Fort,Game Field,
seven-fortress,replay,フォーチューンの海砦（下）,Fortune Sea Fort Vol.1,Game Field,
seven-fortress,replay,フォーチューンの海砦（上）,Fortune Sea Fort Vol.2,Game Field,
seven-fortress,replay,リーンの闇砦,Lean's Dark Fortress,Game Field,
shakaishisosha-original-gamebook,,モンスターの逆襲,Monster Counterattack,Shakaishisosha,
shakaishisosha-original-gamebook,,送り雛は瑠璃色の,Sending Chicks are Bright Blue,Shakaishisosha,
shakaishisosha-original-gamebook,,四人のキング,King of Four People,Shakaishisosha,
shakaishisosha-original-gamebook,,フォボス内乱,Phobos Civil War,Shakaishisosha,
super-adventure-game,,魔法使いの丘,The Shamutanti Hills,Tokyo Sogensha,
super-adventure-game,,城砦都市カーレ,Kharé – Cityport of Traps,Tokyo Sogensha,
super-adventure-game,,七匹の大蛇,The Seven Serpents,Tokyo Sogensha,
super-adventure-game,,王たちの冠,The Crown of Kings,Tokyo Sogensha,
super-adventure-game,,ファイティング・ファンタジー,Fighting Fantasy Basic Rulebook,Tokyo Sogensha,
super-adventure-game,,バック・トゥ・ザ・フューチャー,Back to the Future,Tokyo Sogensha,
super-adventure-game,,デュマレスト・ゲームブック・巨大コンピュータの謎,Dumarest Gamebook: Giant Computer Mystery,Tokyo Sogensha,
super-adventure-game,,デュマレスト・ゲームブック・惑星不時着,Dumarest Gamebook: Planet Landing,Tokyo Sogensha,
super-adventure-game,,紅蓮の騎士,Guren Knight,Tokyo Sogensha,
super-adventure-game,,暗黒の聖地,Dark Sacred Place,Tokyo Sogensha,
super-adventure-game,,ベルゼブルの竜,Beezebul the Dragon,Tokyo Sogensha,
super-adventure-game,,夜の馬,Horse of Night,Tokyo Sogensha,
super-adventure-game,,エクセア,Ekusea,Tokyo Sogensha,
super-adventure-game,,ギャランス・ハート,Gyrarance Heart,Tokyo Sogensha,
super-adventure-game,,第七の魔法使い,Seventh Wizard,Tokyo Sogensha,
super-adventure-game,,ゼビウス,Xevious,Tokyo Sogensha,
super-adventure-game,,悪魔に魅せられし者,One Fascinated by the Devil,Tokyo Sogensha,
super-adventure-game,,魔宮の勇者たち,Magical Heroes,Tokyo Sogensha,
super-adventure-game,,魔界の滅亡,Destruction of the Demon World,Tokyo Sogensha,
super-adventure-game,,ドラゴンバスター,Dragon Buster,Tokyo Sogensha,
super-adventure-game,,迷宮のドラゴン,Labyrinth Dragon,Tokyo Sogensha,
super-adventure-game,,ピラミッドの謎,Pyramid Mystery,Tokyo Sogensha,
super-adventure-game,,時の鍵伝説,Legend of the Key of Time,Tokyo Sogensha,
super-adventure-game,,カイの冒険,Kai's Adventure,Tokyo Sogensha,
super-adventure-game,,ネバーランドのリンゴ,Apple of Neverland,Tokyo Sogensha,
super-adventure-game,,ニフルハイムのユリ,Lily of Nilfheim,Tokyo Sogensha,
super-adventure-game,,ネバーランドのカボチャ男,Pumpkinman of Neverland,Tokyo Sogensha,
super-adventure-game,,ウルフヘッドの誕生,Birth of the Wolfhead,Tokyo Sogensha,
super-adventure-game,,ウルフヘッドの逆襲,The Wolfhead Strikes Back,Tokyo Sogensha,
super-adventure-game,,吸血鬼の洞窟,Crypt of the Vampire,Tokyo Sogensha,
super-adventure-game,,シャドー砦の魔王,The Lord of Shadow Keep,Tokyo Sogensha,
super-adventure-game,,炎の神殿 ,The Temple of Flame,Tokyo Sogensha,
super-adventure-game,,失われた魂の城,Castle of Lost Souls,Tokyo Sogensha,
super-adventure-game,,ドラゴンの目,The Eye of the Dragon,Tokyo Sogensha,
super-adventure-game,,ファラオの呪い,Curse of the Pharaoh,Tokyo Sogensha,
super-adventure-game,,ドラゴンの戦士,Dragon Warriors,Tokyo Sogensha,
super-adventure-game,,魔法使いへの道,The Way of Wizardry,Tokyo Sogensha,
super-adventure-game,,エルフのクリスタル,The Elven Crystals,Tokyo Sogensha,
super-adventure-game,,クトゥルー・ゲームブック暗黒教団の陰謀,Cthulhu Gamebook: Conspiracy of the Dark Order,Tokyo Sogensha,
super-adventure-game,,魔王の地下要塞,Treachery in Draken-Wood,Tokyo Sogensha,
super-adventure-game,,ファイアーロードの砦 ,Fortress of the Firelord,Tokyo Sogensha,
super-adventure-game,,展覧会の絵,Painting at the Exhibition,Tokyo Sogensha,
super-adventure-game,,スーパー・ブラックオニキス,Super Black Onyx,Tokyo Sogensha,
super-adventure-game,,パンタクル,Pantacle,Tokyo Sogensha,
super-adventure-game,,ティーンズ・パンタクル,Teens Pantacle,Tokyo Sogensha,
super-adventure-game,,パンタクル2,Pantacle 2,Tokyo Sogensha,
super-adventure-game,,眠れる竜ラヴァンス,Sleeping Dragon Lavance,Tokyo Sogensha,
sword-world,,ソード・ワールドRPG,Sword World RPG,Fujimi Shobo,
sword-world,,ソード・ワールドRPG上級ルール〈分冊1〉,Sword World RPG Advanced Rules Part 1,Fujimi Shobo,
sword-world,,ソード・ワールドRPG上級ルール〈分冊2〉,Sword World RPG Advanced Rules Part 2,Fujimi Shobo,
sword-world,,ソード・ワールドRPG「Q&Aブック」,Sword World RPG Q&A Book,Fujimi Shobo,
sword-world,,ソード・ワールドRPG 完全版,Sword World RPG Complete Edition,Fujimi Shobo,
sword-world,,ソード・ワールドRPGスタート・ブック,Sword World RPG Start Book,Fujimi Shobo,
sword-world,,ソード・ワールドRPGベーシック ,Sword World RPG Basic,Fujimi Shobo,
sword-world,,ソード・ワールドRPGワールドガイド,Sword World RPG World Guide,Fujimi Shobo,
sword-world,,ソード・ワールドRPGワールドガイド,Sword World RPG World Guide,Fujimi Shobo,
sword-world,,西部諸国ワールドガイド,Western Countries World Guide,Fujimi Shobo,
sword-world,,石巨人の迷宮,Stone Giant Labyrinth,Fujimi Shobo,
sword-world,,ユニコーンの探索,Unicorn Quest,Fujimi Shobo,
sword-world,,四大魔術師の塔,Tower of the Four Great Wizards,Fujimi Shobo,
sword-world,,虹の水晶宮,Rainbow Crystal Palace,Fujimi Shobo,
sword-world,,闇からの脅威,Threat from Darkness,Fujimi Shobo,
sword-world,,猫だけが知っている,Only Cats Know,Fujimi Shobo,
sword-world,,異界への門,Gates to Another World,Fujimi Shobo,
sword-world,,バラールの館,Ballard House,Fujimi Shobo,
sword-world,,世界の果ての壁,World's End Wall,Fujimi Shobo,
sword-world,,黒き魔人の森,Forest of the Black Demon,Fujimi Shobo,
sword-world,,悪魔が闇に踊る街,The City Where the Devil Dances in the Dark,Fujimi Shobo,
sword-world,,盗賊たちの狂詩曲ソード・ワールドRPGリプレイ集〈1〉,Rhapsody of Rogues: Sword World Replay 1,Fujimi Shobo,
sword-world,,モンスターたちの交響曲ソード・ワールドRPGリプレイ集〈2〉,Symphony of Monsters: Sword World Replay 2,Fujimi Shobo,
sword-world,,終わりなき即興曲ソード・ワールドRPGリプレイ集〈3〉,Endless Improvisation: Sword World Replay 3,Fujimi Shobo,
sword-world,,魔境の支配者ソード・ワールドRPGリプレイ集〈4〉,Makai Ruler: Sword World Replay 4,Fujimi Shobo,
sword-world,,南海の勝利者ソード・ワールドRPGリプレイ集〈5〉,South Sea Victor: Sword World Replay 5,Fujimi Shobo,
sword-world,,2万ガメルを取り返せ! ソード・ワールドRPGリプレイ集,"Regain 20,000 Gamel! Sword World Replay 6",Fujimi Shobo,
sword-world,,混沌魔術師の挑戦―ソード・ワールドRPGリプレイ集〈7〉,Chaos Sorceror's Challenge: Sword World Replay 7,Fujimi Shobo,
sword-world,,亡者の村に潜む闇ソード・ワールドRPGリプレイ集〈8〉,Darkness Lurking in the Village of the Deceased: Sword World Replay 8,Fujimi Shobo,
sword-world,,バブリーズ・フォーエバーソード・ワールドRPGリプレイ集〈9〉,Bablies Forever: Sword World Replay 9,Fujimi Shobo,
sword-world,,アサシンをやりこめろ!―ソード・ワールドRPGリプレイ集 風雲ミラルゴ編〈1〉,Talk Down the Assassin! Sword World Replay Collection 1,Fujimi Shobo,
sword-world,,アドベンチャラーに任せとけ!―ソード・ワールドRPGリプレイ集 風雲ミラルゴ編〈2〉,Leave It To the Adventurer: Sword World Replay Collection 2,Fujimi Shobo,
sword-world,,宝の地図に勇者が集う―ソード・ワールドRPGリプレイ集アンマント財宝編〈1〉,Heroes Gather at the Treasure Map: Sword World Replay Collection 1,Fujimi Shobo,
sword-world,,大迷宮に勇者が挑ソード・ワールドRPGリプレイ集アンマント財宝編2,A Hero Challenges a Large Labyrinth: Sword World Replay Collection 2,Fujimi Shobo,
tactics,periodical,No. 1 January–February 1982,,Hobby Japan,
tactics,periodical,No. 2 March–April 1982,,Hobby Japan,
tactics,periodical,No. 3 May–June 1982,,Hobby Japan,
tactics,periodical,No. 4 July–August 1982,,Hobby Japan,
tactics,periodical,No. 5 September–October 1982,,Hobby Japan,
tactics,periodical,No. 6 November–December 1982,,Hobby Japan,
tactics,periodical,No. 7 January–February 1983,,Hobby Japan,
tactics,periodical,No. 8 March–April 1983,,Hobby Japan,
tactics,periodical,No. 9 May–June 1983,,Hobby Japan,
tactics,periodical,No. 10 July–August 1983,,Hobby Japan,
tactics,periodical,No. 11 September–October 1983,,Hobby Japan,
tactics,periodical,No. 12 November–December 1983,,Hobby Japan,
tactics,periodical,No. 13 January–February 1984,,Hobby Japan,
tactics,periodical,No. 14 March–April 1984,,Hobby Japan,
tactics,periodical,No. 15 May–June 1984,,Hobby Japan,
tactics,periodical,No. 16 July–August 1984,,Hobby Japan,
tactics,periodical,No. 17 September–October,,Hobby Japan,
tactics,periodical,No. 18 November–December 1984,,Hobby Japan,
tactics,periodical,No. 19 January–February 1985,,Hobby Japan,
tactics,periodical,No. 20 March–April 1985,,Hobby Japan,
tactics,periodical,No. 21 May–June 1985,,Hobby Japan,
tactics,periodical,No. 22 July–August 1985,,Hobby Japan,
tactics,periodical,No. 23 September–October 1985,,Hobby Japan,
tactics,periodical,No. 24 November 1985,,Hobby Japan,
tactics,periodical,No. 25 December 1985,,Hobby Japan,
tactics,periodical,No. 26 1986/1,,Hobby Japan,
tactics,periodical,No. 27 1986/2,,Hobby Japan,
tactics,periodical,No. 28 1986/3,,Hobby Japan,
tactics,periodical,No. 29 1986/4,,Hobby Japan,
tactics,periodical,No. 30 1986/5,,Hobby Japan,
tactics,periodical,No. 31 1986/6,,Hobby Japan,
tactics,periodical,No. 32 1986/7,,Hobby Japan,
tactics,periodical,No. 33 1986/8,,Hobby Japan,
tactics,periodical,No. 34 1986/9,,Hobby Japan,
tactics,periodical,No. 35 1986/10,,Hobby Japan,
tactics,periodical,No. 36 1986/11,,Hobby Japan,
tactics,periodical,No. 37 1986/12,,Hobby Japan,
tactics,periodical,No. 38 January 1987,,Hobby Japan,
tactics,periodical,No. 39 February 1987,,Hobby Japan,
tactics,periodical,No. 40 March 1987,,Hobby Japan,
tactics,periodical,No. 41 April 1987,,Hobby Japan,
tactics,periodical,No. 42 May 1987,,Hobby Japan,
tactics,periodical,No. 43 June 1987,,Hobby Japan,
tactics,periodical,No. 44 July 1987,,Hobby Japan,
tactics,periodical,No. 45 August 1987,,Hobby Japan,
tactics,periodical,No. 46 September 1987,,Hobby Japan,
tactics,periodical,No. 47 October 1987,,Hobby Japan,
tactics,periodical,No. 48 November 1987,,Hobby Japan,
tactics,periodical,No. 49 December 1987,,Hobby Japan,
tactics,periodical,No. 50 January 1988,,Hobby Japan,
tactics,periodical,No. 51 February 1988,,Hobby Japan,
tactics,periodical,No. 52 March 1988,,Hobby Japan,
tactics,periodical,No. 53 April 1988,,Hobby Japan,
tactics,periodical,No. 54 May 1988,,Hobby Japan,
tactics,periodical,No. 55 June 1988,,Hobby Japan,
tactics,periodical,No. 56 July 1988,,Hobby Japan,
tactics,periodical,No. 57 August 1988,,Hobby Japan,
tactics,periodical,No. 58 September 1988,,Hobby Japan,
tactics,periodical,No. 59 October 1988,,Hobby Japan,
tactics,periodical,No. 60 November 1988,,Hobby Japan,
tactics,periodical,No. 61 December 1988,,Hobby Japan,
tactics,periodical,No. 62 January 1989,,Hobby Japan,
tactics,periodical,No. 63 February 1989,,Hobby Japan,
tactics,periodical,No. 64 March 1989,,Hobby Japan,
tactics,periodical,No. 65 April 1989,,Hobby Japan,
tactics,periodical,No. 66 May 1989,,Hobby Japan,
tactics,periodical,No. 67 June 1989,,Hobby Japan,
tactics,periodical,No. 68 July 1989,,Hobby Japan,
tactics,periodical,No. 69 August 1989,,Hobby Japan,
tactics,periodical,No. 70 September 1989,,Hobby Japan,
tactics,periodical,No. 71 October 1989,,Hobby Japan,
tactics,periodical,No. 72 November 1989,,Hobby Japan,
tactics,periodical,No. 73 December 1989,,Hobby Japan,
tactics,periodical,No. 74 January 1990,,Hobby Japan,
tactics,periodical,No. 75 February 1990,,Hobby Japan,
tactics,periodical,No. 76 March 1990,,Hobby Japan,
tactics,periodical,No. 77 April 1990,,Hobby Japan,
tactics,periodical,No.1 1990 Autumn,,Hobby Japan,
tactics,periodical,No 2 1990 Winter,,Hobby Japan,
tactics,periodical,No. 3 1991 Spring,,Hobby Japan,
tactics,periodical,No. 4 1991 Summer,,Hobby Japan,
tactics,periodical,No. 5 1991 Autumn,,Hobby Japan,
tactics,periodical,No. 6 1992 Winter,,Hobby Japan,
tactics,periodical,No. 7 1992 Spring,,Hobby Japan,
tactics,periodical,Tactics 別冊 RPG マガジン No. 1,,Hobby Japan,
tactics,periodical,Tactics 別冊 RPG マガジン No. 2,,Hobby Japan,
tokyo-nova,,トーキョーN◎VA,Tokyo Nova,Tsukuda Hobby,
tokyo-nova,,トーキョーNOVAリプレイ―ふりむけば死,Tokyo Nova Replay: Looking Forward,Aspect,
tokyo-nova,,トーキョーN◎VA The 2nd Edition,Tokyo Nova: The 2nd Edition,Aspect,
tokyo-nova,,猟犬たちの午後―トーキョーNOVA The 2nd Editionリプレイ,Hounds Afternoon: Toky Nova The 2nd Edition Replay,Aspect,
tokyo-nova,,オーサカM○●N,Osaka Moon,Aspect,
tokyo-nova,,カムイSTAR,Kamui Star,ASCII,
tokyo-nova,,BLAKK box ブラックボックス,Blakk Box,Game Field,
traveller,,トラベラー,Traveller,Hobby Japan,
traveller,,研究基地ガンマ,Research Station Gamma,Hobby Japan,
traveller,,宇宙海軍,High Guard,Hobby Japan,
traveller,,黄昏の峰へ,Twilight's Peak,Hobby Japan,
traveller,,レフリーアクセサリー,Referee's Accessories,Hobby Japan,
traveller,,傭兵部隊,Mercenary,Hobby Japan,
traveller,,偵察局,Scouts,Hobby Japan,
traveller,,トラベラーアドベンチャー,Traveller Adventure,Hobby Japan,
traveller,,ロボットマニュアル,Robot Manual,Hobby Japan,
traveller,,砂漠の傭兵,Uraqyad'n of the Seven Pillars,Hobby Japan,
traveller,,インペリウム,Imperium,Hobby Japan,
traveller,,メイデイ,Mayday,Hobby Japan,
traveller,,アザンティ・ハイ・ライトニング,Azhanti High Lightning,Hobby Japan,
traveller,,第五次辺境戦争,Fifth Frontier War,Hobby Japan,
traveller,,メガトラベラー,MegaTraveller,Hobby Japan,
traveller,,トラベラーハンドブック,Traveller Handbook,Hobby Japan,
traveller,,反乱軍ソースブック,Rebellion Sourcebook,Hobby Japan,
traveller,,ナイトフォール,Knightfall,Hobby Japan,
traveller,,ハードタイムズ,Hard Times,Hobby Japan,
traveller,,メガトラベラー帝国百科,MegaTraveller Imperial Encyclopedia,Hobby Japan,
tunnels-trolls,rulebook,トンネルズ&トロールズ ファンタジーRPGルールブック,Tunnels & Trolls,Shakaishisosha,
tunnels-trolls,supplement,T&Tがよくわかる本,T&T Understand Well,Shakaishisosha,
tunnels-trolls,rulebook,モンスター!モンスター!T&T RPGシナリオ・追加ルール,Monsters! Monsters!,Shakaishisosha,
tunnels-trolls,rulebook,ハイパー・トンネルズ&トロールズ―ファンタジーRPGルールブック,Hyper Tunnels & Trolls,Shakaishisosha,
tunnels-trolls,scenario,ベア・ダンジョン T&T RPGシナリオ,Bear Dungeon,Shakaishisosha,
tunnels-trolls,scenario,魔術師の島 T&T RPGシナリオ,Isle of Darksmoke,Shakaishisosha,
tunnels-trolls,scenario,傭兵剣士 T&Tソロ・アドベンチャー,Sword for Hire,Shakaishisosha,
tunnels-trolls,scenario,カザンの闘技場 T&T ソロ・アドベンチャー,Arena of Kazan,Shakaishisosha,
tunnels-trolls,scenario,恐怖の街 T&T ソロ・アドベンチャー,City of Terrors,Shakaishisosha,
tunnels-trolls,scenario,デストラップ T&T ソロ・アドベンチャー,Deathtrap Equalizer,Shakaishisosha,
tunnels-trolls,scenario,鏡の国のダンジョン T&T ソロ・アドベンチャー,Beyond the Silvered Pane,Shakaishisosha,
tunnels-trolls,scenario,オーバーキル城 T&T ソロ・アドベンチャー,Overkill,Shakaishisosha,
tunnels-trolls,scenario,ゲームマンの挑戦 T&T ソロ・アドベンチャー,Gamesmen of Kasar,Shakaishisosha,
tunnels-trolls,scenario,嘆きの壁を越えて T&T ソロ・アドベンチャー,Beyond the Wall of Tears,Shakaishisosha,
tunnels-trolls-kadokawa,,ハイパーT(トンネルズ)&T(トロールズ)ルールブック,Hyper T&T Rulebook,,
tunnels-trolls-kadokawa,,ドラゴンズ’ヘヴン〈1〉ハイパーT&Tリプレイ,Dragons' Heaven 1: Hyper T&T Replay,,
tunnels-trolls-kadokawa,,ドラゴンズ’ヘヴン〈2〉ハイパーT&Tリプレイ,Dragons' Heaven 2: Hyper T&T Replay,,
tunnels-trolls-kadokawa,,ドラゴンズ’ヘヴン〈3〉ハイパーT&Tリプレイ,Dragons' Heaven 3: Hyper T&T Replay,,
tunnels-trolls-kadokawa,,モンスター!モンスター!!,Monsters! Monsters!!,,
tunnels-trolls-kadokawa,,ドラゴン大陸 ハイパーT＆Tワールドガイド,Dragon Contient: Hyper T&T World Guide,,
tunnels-trolls-kadokawa,,空からの落とし物―ハイパーT&Tリプレイ ,Drops from the Sky: Hyper T&T Replay,,
warlock,,1986/12,,社会思想社,
warlock,,1987/01,,社会思想社,
warlock,,1987/03,,社会思想社,
warlock,,1987/04,,社会思想社,
warlock,,1987/05,,社会思想社,
warlock,,1987/06,,社会思想社,
warlock,,1987/07,,社会思想社,
warlock,,1987/08,,社会思想社,
warlock,,1987/09,,社会思想社,
warlock,,1987/10,,社会思想社,
warlock,,1987/11,,社会思想社,
warlock,,1987/12,,社会思想社,
warlock,,1988/01,,社会思想社,
warlock,,1988/02,,社会思想社,
warlock,,1988/03,,社会思想社,
warlock,,1988/04,,社会思想社,
warlock,,1988/05,,社会思想社,
warlock,,1988/06,,社会思想社,
warlock,,1988/07,,社会思想社,
warlock,,1988/08,,社会思想社,
warlock,,1988/09,,社会思想社,
warlock,,1988/10,,社会思想社,
warlock,,1988/11,,社会思想社,
warlock,,1988/12,,社会思想社,
warlock,,1989/01,,社会思想社,
warlock,,1989/02,,社会思想社,
warlock,,1989/03,,社会思想社,
warlock,,1989/04,,社会思想社,
warlock,,1989/05,,社会思想社,
warlock,,1989/06,,社会思想社,
warlock,,1989/07,,社会思想社,
warlock,,1989/08,,社会思想社,
warlock,,1989/09,,社会思想社,
warlock,,1989/10,,社会思想社,
warlock,,1989/11,,社会思想社,
warlock,,1989/12,,社会思想社,
warlock,,1990/01,,社会思想社,
warlock,,1990/02,,社会思想社,
warlock,,1990/03,,社会思想社,
warlock,,1990/04,,社会思想社,
warlock,,1990/05,,社会思想社,
warlock,,1990/06,,社会思想社,
warlock,,1990/07,,社会思想社,
warlock,,1990/08,,社会思想社,
warlock,,1990/09,,社会思想社,
warlock,,1990/10,,社会思想社,
warlock,,1990/11,,社会思想社,
warlock,,1990/12,,社会思想社,
warlock,,1991/01,,社会思想社,
warlock,,1991/02,,社会思想社,
warlock,,1991/03,,社会思想社,
warlock,,1991/04,,社会思想社,
warlock,,1991/05,,社会思想社,
warlock,,1991/06,,社会思想社,
warlock,,1991/07,,社会思想社,
warlock,,1991/08,,社会思想社,
warlock,,1991/09,,社会思想社,
warlock,,1991/10,,社会思想社,
warlock,,1991/11,,社会思想社,
warlock,,1991/12,,社会思想社,
warlock,,1992/01,,社会思想社,
warlock,,1992/02,,社会思想社,
warlock,,1992/03,,社会思想社,
wares-blade,,ワースブレイド スタートセット,Wares Blade Start Set,Hobby Japan,
wares-blade,,東面の魔術師,Solgna,Hobby Japan,
wares-blade,,魔王の復活,Inferno in Gmoniedus,Hobby Japan,
wares-blade,,ワースブレイド ・スクリーン,Wares Blade Screen,Hobby Japan,
wares-blade,,エクスパンションセット1,Wares Blade Expansion Set,Hobby Japan,
wares-blade,,エクスパンションセット2,Wares Blade Expansion Set Vol. 2,Hobby Japan,
wares-blade,,エクスパンションセット3 術法エクスパンション,Wares Blade Expansion Set Vol. 3,Hobby Japan,
wares-blade,,エクスパンションセット4 操兵エクスパンション,Wares Blade Expansion Set Vol. 4: Thored of Ryude,Hobby Japan,
wares-blade,,聖者の仮面,The Saint's Mask,Hobby Japan,
wares-blade,,遥かなるカイ・ダイン,Far Away Kai Dyne,Hobby Japan,
wares-blade,,操兵の書 西方,Maneuver of the West,Hobby Japan,
wares-blade,,東方エクスパンション1 梗醍果の王,Touhou Expansion Set 1: The King of Infarction,Hobby Japan,
wares-blade,,東方エクスパンション2 吾伽式の練者,Touhou Expansion Set 2: Gogi-style Practioner,Hobby Japan,
wares-blade,,ワースブレイド スターティングブック,Wares Blade Starting Book,Hobby Japan,
wares-blade,,聖刻1092 ,Holy Mark 1092,Asahi Sonorama,
wares-blade,, 聖刻大全,Holy Encyclopedia,Asahi Sonorama,
warhammer,,ウオーハンマー―ファンタジーRPGルールブック〈1〉,Warhammer Fantasy RPG Rulebook 1,Shakaishisosha,
warhammer,,ウオーハンマー―ファンタジーRPGルールブック〈2〉,Warhammer Fantasy RPG Rulebook 2,Shakaishisosha,
warhammer,,ウオーハンマー―ファンタジーRPGルールブック〈3〉,Warhammer Fantasy RPG Rulebook 3,Shakaishisosha,
warhammer,,さまよえる魂 ウォーハンマーRPGシナリオ,Wandering Soul: Warhammer Fantasy RPG Scenario,Shakaishisosha,
warhammer,,エンパイアの興亡『内なる敵』キャンペーン(1)ウォーハンマーRPGシナリオ,Empire's Rise and Fall: Inner Enemy Campaign 1: Warhammer Fantasy RPG Scenario,Shakaishisosha,
warhammer,,死の街ベーゲンハーフェン『内なる敵』キャンペーン(2)ウォーハンマーRPGシナリオ,Begenhafen City of Death: Inner Enemy Campaign 2: Warhammer Fantasy RPG Scenario,Shakaishisosha,
warhammer,,ウォーハンマーファンタジーRPGゲームマスター・スクリーン,Warhammer Fantasy RPG Game Master Screen,Shakaishisosha,
warhammer,,ウォーハンマーリプレイ(1) 破壊の剣,Warhammer Replay 1: Sword of Destruction,Shakaishisosha,
warhammer,,ウォーハンマーリプレイ(2)プラーグの妖術師,Warhammer Replay 2: Sorcerer of Prague,Shakaishisosha,
warps,,ワープス・オリジナルセット,WARPS (Wild Adventure Role Playing System) Original Set,Tsukuda Hobby,
warps,,ヒーローズレルム,Heros' Realms,Tsukuda Hobby,
warps,,リング　オブ　リリアナ,Ring of Liliana,Tsukuda Hobby,
warps,,ビーストランド,Beast Land,Tsukuda Hobby,
warps,,ウィザードシティー,Wizard City,Tsukuda Hobby,
warps,,ウォリアーズ&メイジズ,Warriors & Mages,Tsukuda Hobby,
warps,,トーキョーシティー1989,Tokyo City 1989,Tsukuda Hobby,
warps,,アップルシード,Appleseed,Tsukuda Hobby,
warps,,ルパン三世・カリオストロの城,Lupin III: Château de Cagliostro,Tsukuda Hobby,
warps,,機動戦士ガンダム・逆襲のシャア,Mobile Suit Gundam: Char's Counter Attack,Tsukuda Hobby,
wizardry,,ウィザードリィロールプレイングゲーム,Wizardry Role Playing Game,ASCII,
wizardry,,ウィザードリィロールプレイングゲーム　キャンペーンシナリオ　トレボー戦役,Wizardry Role Playing Game Campaign Scenario Trevor Campaign,ASCII,
wizardry,,ウィザードリィロールプレイングゲーム　サプリメント01　ダロスの盾　,Wizardry Role Playing Game Supplement 01 Shield of Dalos,ASCII,
wizardry,,ウィザードリィロールプレイングゲーム　サプリメント02　ノームの黄金を求めて,Wizardry Role Playing Game Supplement 02 In Search of Nome's Gold,ASCII,
wizardry,,ウィザードリィロールプレイングゲーム　サプリメント03　ガザル＝ボダの紅い疾風,Wizardry Role Playing Game Supplement 03 Gazal = Boda's Red Wind,ASCII,
wizardry,,真・ウィザードリィRPG　基本システム,Shin Wizardry RPG Basic System,ASCII,
wizardry,,真ウィザードリィRPGシナリオ集（1）終末の魔剣,Shin Wizardry RPG Scenario Collection 1: The Doomsday Sword,ASCII,
wizardry,,真ウィザードリィRPGリプレイ集(1)　地獄の狂宴,Shin Wizardy RPG Replay Collection 1: Hellfeast,ASCII,
wizardry,,真ウィザードリィRPGマスター・スクリーン,Shin Wizardry RPG Master Screen,ASCII,
wizardry,,真ウィザードリィRPG改訂版ルールブック,Shin Wizardry RPG Revised Rulebook,ASCII,
wizardry,,真ウィザードリィRPGリプレイ異境への扉,Shin Wizardry RPG Replay: Door to Another World,Aspect,
wizardry,,真ウィザードリィRPGリプレイ戦乱の序曲,Shin Wizardry RPG Replay: Battle Overture,Aspect,
wizardry,,真ウィザードリィRPGリプレイ奇跡の4人組,Shin Wizardry RPG Replay: The Miraculous Four,Aspect,
wizardry,,真ウィザードリィRPGサプリメント[上]エセルナート大脱出,Shin Wizardry RPG Supplement Vol 1: Esarnat Great Escape,Aspect,
wizardry,,真ウィザードリィRPGサプリメント[下]新世界へ！,Shin Wizardry RPG Supplement Vol 2: To the New World!,Aspect,
wizardry,,アドバンスト・ウィザードリィRPG ルールブック,Advanced Wizardry RPG Rulebook,Aspect,
wizardry,,アドバンスト・ウィザードリィRPGモンスターマニュアル,Advanced Wizardry RPG Monster Manual,Aspect,
wizardry,,アドバンスト・ウィザードリィRPGモンスターマニュアル2,Advanced Wizardry RPG Monster Manual 2,Aspect,
wizardry,,アドバンスト・ウィザードリィRPG　パワーアップキット,Advanced Wizardry RPG Power Up Kit,Aspect,
wizardry,,アドバンスト・ウィザードリィRPGリプレイ冒険者・失格！,Advanced Wizardry RPG Replay: Adventurer / Disqualified!,Aspect,
ys,rulebook,イース テーブルトークRPG,Ys Tabletop RPG,ASCII,
ys,rulebook,イースII テーブルトークRPG,Ys II Tabletop RPG,ASCII,
ys,replay,イースTRPGリプレイ 真・の~てんき伝説,Ys RPG Replay: True and Fair Weather Legend,Aspect,
ys,replay,イースTRPGリプレイ 真・お気楽伝説,Ys RPG Replay: True and Easy-going Legend,Aspect,
